token,kind,condition,session,engine,quadrant,stimulus_id,clip_id,audio_path
ab0aed9292,practice,practice,2026-07-26_1733_sapi_e6_realtest,sapi5xml,Q1,S01,fb278f842f,research\sessions\2026-07-26_1733_sapi_e6_realtest\audio\sapi5xml\rate_volume_pitch\S01_Q1.wav
3b21a64a76,practice,practice,2026-07-26_1733_sapi_e6_realtest,sapi5xml,Q2,S01,96e30f94a7,research\sessions\2026-07-26_1733_sapi_e6_realtest\audio\sapi5xml\rate_volume_pitch\S01_Q2.wav
bca128e2df,practice,practice,2026-07-26_1733_sapi_e6_realtest,sapi5xml,Q3,S01,d29751c359,research\sessions\2026-07-26_1733_sapi_e6_realtest\audio\sapi5xml\rate_volume_pitch\S01_Q3.wav
1dc4771d08,practice,practice,2026-07-26_1733_sapi_e6_realtest,sapi5xml,Q4,S01,3d5eec054f,research\sessions\2026-07-26_1733_sapi_e6_realtest\audio\sapi5xml\rate_volume_pitch\S01_Q4.wav
9056a141e3,test,zipvoice-matched,2026-08-31_1241_zipvoice_b4_matched,zipvoice,Q1,S01,e3c5b0df08,research\sessions\2026-08-31_1241_zipvoice_b4_matched\audio\zipvoice\rate_volume_pitch\S01_Q1.wav
fff157bfbe,test,zipvoice-matched,2026-08-31_1241_zipvoice_b4_matched,zipvoice,Q1,S02,cdc8acda77,research\sessions\2026-08-31_1241_zipvoice_b4_matched\audio\zipvoice\rate_volume_pitch\S02_Q1.wav
b12b4188bb,test,zipvoice-matched,2026-08-31_1241_zipvoice_b4_matched,zipvoice,Q1,S03,39c5ebf849,research\sessions\2026-08-31_1241_zipvoice_b4_matched\audio\zipvoice\rate_volume_pitch\S03_Q1.wav
602c1d69db,test,zipvoice-matched,2026-08-31_1241_zipvoice_b4_matched,zipvoice,Q2,S01,509ac0230b,research\sessions\2026-08-31_1241_zipvoice_b4_matched\audio\zipvoice\rate_volume_pitch\S01_Q2.wav
ce2c038241,test,zipvoice-matched,2026-08-31_1241_zipvoice_b4_matched,zipvoice,Q2,S02,99ba8027ef,research\sessions\2026-08-31_1241_zipvoice_b4_matched\audio\zipvoice\rate_volume_pitch\S02_Q2.wav
a4cf6341d6,test,zipvoice-matched,2026-08-31_1241_zipvoice_b4_matched,zipvoice,Q2,S03,fef373a1e2,research\sessions\2026-08-31_1241_zipvoice_b4_matched\audio\zipvoice\rate_volume_pitch\S03_Q2.wav
0450fc2bbd,test,zipvoice-matched,2026-08-31_1241_zipvoice_b4_matched,zipvoice,Q3,S01,de68a4aecb,research\sessions\2026-08-31_1241_zipvoice_b4_matched\audio\zipvoice\rate_volume_pitch\S01_Q3.wav
f596248134,test,zipvoice-matched,2026-08-31_1241_zipvoice_b4_matched,zipvoice,Q3,S02,8e08aaf725,research\sessions\2026-08-31_1241_zipvoice_b4_matched\audio\zipvoice\rate_volume_pitch\S02_Q3.wav
4d5ad1e5ef,test,zipvoice-matched,2026-08-31_1241_zipvoice_b4_matched,zipvoice,Q3,S03,54bc11ee8f,research\sessions\2026-08-31_1241_zipvoice_b4_matched\audio\zipvoice\rate_volume_pitch\S03_Q3.wav
7948a1621c,test,zipvoice-matched,2026-08-31_1241_zipvoice_b4_matched,zipvoice,Q4,S01,d122616393,research\sessions\2026-08-31_1241_zipvoice_b4_matched\audio\zipvoice\rate_volume_pitch\S01_Q4.wav
efae040fb2,test,zipvoice-matched,2026-08-31_1241_zipvoice_b4_matched,zipvoice,Q4,S02,0ef9900318,research\sessions\2026-08-31_1241_zipvoice_b4_matched\audio\zipvoice\rate_volume_pitch\S02_Q4.wav
0c263e0df0,test,zipvoice-matched,2026-08-31_1241_zipvoice_b4_matched,zipvoice,Q4,S03,8baa81b900,research\sessions\2026-08-31_1241_zipvoice_b4_matched\audio\zipvoice\rate_volume_pitch\S03_Q4.wav
3e94a6e373,test,chatterbox-matched,2026-08-31_2302_chatterbox_x2_matched_v2,chatterbox,Q1,S01,9041f50b80,research\sessions\2026-08-31_2302_chatterbox_x2_matched_v2\audio\chatterbox\rate_volume_pitch\S01_Q1.wav
34d9360a10,test,chatterbox-matched,2026-08-31_2302_chatterbox_x2_matched_v2,chatterbox,Q1,S02,56c564e565,research\sessions\2026-08-31_2302_chatterbox_x2_matched_v2\audio\chatterbox\rate_volume_pitch\S02_Q1.wav
1366d08499,test,chatterbox-matched,2026-08-31_2302_chatterbox_x2_matched_v2,chatterbox,Q1,S03,0f1ce549cb,research\sessions\2026-08-31_2302_chatterbox_x2_matched_v2\audio\chatterbox\rate_volume_pitch\S03_Q1.wav
7c84e09594,test,chatterbox-matched,2026-08-31_2302_chatterbox_x2_matched_v2,chatterbox,Q2,S01,82d2421790,research\sessions\2026-08-31_2302_chatterbox_x2_matched_v2\audio\chatterbox\rate_volume_pitch\S01_Q2.wav
1cb2f4fe78,test,chatterbox-matched,2026-08-31_2302_chatterbox_x2_matched_v2,chatterbox,Q2,S02,4d041e87ae,research\sessions\2026-08-31_2302_chatterbox_x2_matched_v2\audio\chatterbox\rate_volume_pitch\S02_Q2.wav
558e968510,test,chatterbox-matched,2026-08-31_2302_chatterbox_x2_matched_v2,chatterbox,Q2,S03,a7944cc9b8,research\sessions\2026-08-31_2302_chatterbox_x2_matched_v2\audio\chatterbox\rate_volume_pitch\S03_Q2.wav
9e9ebfdbd4,test,chatterbox-matched,2026-08-31_2302_chatterbox_x2_matched_v2,chatterbox,Q3,S01,962d670285,research\sessions\2026-08-31_2302_chatterbox_x2_matched_v2\audio\chatterbox\rate_volume_pitch\S01_Q3.wav
4d73be28cd,test,chatterbox-matched,2026-08-31_2302_chatterbox_x2_matched_v2,chatterbox,Q3,S02,a25353419b,research\sessions\2026-08-31_2302_chatterbox_x2_matched_v2\audio\chatterbox\rate_volume_pitch\S02_Q3.wav
90b002d65c,test,chatterbox-matched,2026-08-31_2302_chatterbox_x2_matched_v2,chatterbox,Q3,S03,e0c70e1c13,research\sessions\2026-08-31_2302_chatterbox_x2_matched_v2\audio\chatterbox\rate_volume_pitch\S03_Q3.wav
a937623336,test,chatterbox-matched,2026-08-31_2302_chatterbox_x2_matched_v2,chatterbox,Q4,S01,21698370c1,research\sessions\2026-08-31_2302_chatterbox_x2_matched_v2\audio\chatterbox\rate_volume_pitch\S01_Q4.wav
d345328837,test,chatterbox-matched,2026-08-31_2302_chatterbox_x2_matched_v2,chatterbox,Q4,S02,86137d9a2f,research\sessions\2026-08-31_2302_chatterbox_x2_matched_v2\audio\chatterbox\rate_volume_pitch\S02_Q4.wav
7a3a1a9001,test,chatterbox-matched,2026-08-31_2302_chatterbox_x2_matched_v2,chatterbox,Q4,S03,d2c89429c1,research\sessions\2026-08-31_2302_chatterbox_x2_matched_v2\audio\chatterbox\rate_volume_pitch\S03_Q4.wav
01f9a5ffd5,test,chatterbox-refs,2026-08-09_1911_chatterbox_x2_refs,chatterbox,Q1,S01,9041f50b80,research\sessions\2026-08-09_1911_chatterbox_x2_refs\audio\chatterbox\rate_volume_pitch\S01_Q1.wav
d617a7c549,test,chatterbox-refs,2026-08-09_1911_chatterbox_x2_refs,chatterbox,Q1,S02,56c564e565,research\sessions\2026-08-09_1911_chatterbox_x2_refs\audio\chatterbox\rate_volume_pitch\S02_Q1.wav
d02f596245,test,chatterbox-refs,2026-08-09_1911_chatterbox_x2_refs,chatterbox,Q1,S03,0f1ce549cb,research\sessions\2026-08-09_1911_chatterbox_x2_refs\audio\chatterbox\rate_volume_pitch\S03_Q1.wav
f17ffd0789,test,chatterbox-refs,2026-08-09_1911_chatterbox_x2_refs,chatterbox,Q2,S01,82d2421790,research\sessions\2026-08-09_1911_chatterbox_x2_refs\audio\chatterbox\rate_volume_pitch\S01_Q2.wav
e7d4c196d2,test,chatterbox-refs,2026-08-09_1911_chatterbox_x2_refs,chatterbox,Q2,S02,4d041e87ae,research\sessions\2026-08-09_1911_chatterbox_x2_refs\audio\chatterbox\rate_volume_pitch\S02_Q2.wav
2956c02a9f,test,chatterbox-refs,2026-08-09_1911_chatterbox_x2_refs,chatterbox,Q2,S03,a7944cc9b8,research\sessions\2026-08-09_1911_chatterbox_x2_refs\audio\chatterbox\rate_volume_pitch\S03_Q2.wav
d81cee79c6,test,chatterbox-refs,2026-08-09_1911_chatterbox_x2_refs,chatterbox,Q3,S01,962d670285,research\sessions\2026-08-09_1911_chatterbox_x2_refs\audio\chatterbox\rate_volume_pitch\S01_Q3.wav
d3e425b601,test,chatterbox-refs,2026-08-09_1911_chatterbox_x2_refs,chatterbox,Q3,S02,a25353419b,research\sessions\2026-08-09_1911_chatterbox_x2_refs\audio\chatterbox\rate_volume_pitch\S02_Q3.wav
7be092d30b,test,chatterbox-refs,2026-08-09_1911_chatterbox_x2_refs,chatterbox,Q3,S03,e0c70e1c13,research\sessions\2026-08-09_1911_chatterbox_x2_refs\audio\chatterbox\rate_volume_pitch\S03_Q3.wav
ed557af632,test,chatterbox-refs,2026-08-09_1911_chatterbox_x2_refs,chatterbox,Q4,S01,21698370c1,research\sessions\2026-08-09_1911_chatterbox_x2_refs\audio\chatterbox\rate_volume_pitch\S01_Q4.wav
3174672632,test,chatterbox-refs,2026-08-09_1911_chatterbox_x2_refs,chatterbox,Q4,S02,86137d9a2f,research\sessions\2026-08-09_1911_chatterbox_x2_refs\audio\chatterbox\rate_volume_pitch\S02_Q4.wav
0095fc0584,test,chatterbox-refs,2026-08-09_1911_chatterbox_x2_refs,chatterbox,Q4,S03,d2c89429c1,research\sessions\2026-08-09_1911_chatterbox_x2_refs\audio\chatterbox\rate_volume_pitch\S03_Q4.wav
fa86bb4bde,test,kokoro,2026-07-27_0015_kokoro_check,kokoro,Q1,S01,1f8b11fcca,research\sessions\2026-07-27_0015_kokoro_check\audio\kokoro\rate_volume_pitch\S01_Q1.wav
21c0213b8e,test,kokoro,2026-07-27_0015_kokoro_check,kokoro,Q1,S02,58e9a0b54c,research\sessions\2026-07-27_0015_kokoro_check\audio\kokoro\rate_volume_pitch\S02_Q1.wav
a5ce97c2d1,test,kokoro,2026-07-27_0015_kokoro_check,kokoro,Q1,S03,c2fff5e001,research\sessions\2026-07-27_0015_kokoro_check\audio\kokoro\rate_volume_pitch\S03_Q1.wav
50cdfcaf80,test,kokoro,2026-07-27_0015_kokoro_check,kokoro,Q2,S01,d36d3b5e52,research\sessions\2026-07-27_0015_kokoro_check\audio\kokoro\rate_volume_pitch\S01_Q2.wav
072254943d,test,kokoro,2026-07-27_0015_kokoro_check,kokoro,Q2,S02,f415787760,research\sessions\2026-07-27_0015_kokoro_check\audio\kokoro\rate_volume_pitch\S02_Q2.wav
2e111eda54,test,kokoro,2026-07-27_0015_kokoro_check,kokoro,Q2,S03,d7cdd1facc,research\sessions\2026-07-27_0015_kokoro_check\audio\kokoro\rate_volume_pitch\S03_Q2.wav
fc518abaee,test,kokoro,2026-07-27_0015_kokoro_check,kokoro,Q3,S01,8b040c3d8f,research\sessions\2026-07-27_0015_kokoro_check\audio\kokoro\rate_volume_pitch\S01_Q3.wav
894a156447,test,kokoro,2026-07-27_0015_kokoro_check,kokoro,Q3,S02,6461ef42f3,research\sessions\2026-07-27_0015_kokoro_check\audio\kokoro\rate_volume_pitch\S02_Q3.wav
ca13af4a29,test,kokoro,2026-07-27_0015_kokoro_check,kokoro,Q3,S03,a4f08e8390,research\sessions\2026-07-27_0015_kokoro_check\audio\kokoro\rate_volume_pitch\S03_Q3.wav
a37e3a941d,test,kokoro,2026-07-27_0015_kokoro_check,kokoro,Q4,S01,0d9952bec2,research\sessions\2026-07-27_0015_kokoro_check\audio\kokoro\rate_volume_pitch\S01_Q4.wav
67e4699fc2,test,kokoro,2026-07-27_0015_kokoro_check,kokoro,Q4,S02,c9f1c33539,research\sessions\2026-07-27_0015_kokoro_check\audio\kokoro\rate_volume_pitch\S02_Q4.wav
40ec9a58e1,test,kokoro,2026-07-27_0015_kokoro_check,kokoro,Q4,S03,ab99afb772,research\sessions\2026-07-27_0015_kokoro_check\audio\kokoro\rate_volume_pitch\S03_Q4.wav
1bc51587fc,test,parlertts,2026-08-31_2226_parlertts_b4_negative,parlertts,Q1,S01,4c0194f5b6,research\sessions\2026-08-31_2226_parlertts_b4_negative\audio\parlertts\rate_volume_pitch\S01_Q1.wav
182964df46,test,parlertts,2026-08-31_2226_parlertts_b4_negative,parlertts,Q1,S02,e79a1f0d70,research\sessions\2026-08-31_2226_parlertts_b4_negative\audio\parlertts\rate_volume_pitch\S02_Q1.wav
e4fef4c3c8,test,parlertts,2026-08-31_2226_parlertts_b4_negative,parlertts,Q1,S03,19c40e0cd4,research\sessions\2026-08-31_2226_parlertts_b4_negative\audio\parlertts\rate_volume_pitch\S03_Q1.wav
cf92b2d9ad,test,parlertts,2026-08-31_2226_parlertts_b4_negative,parlertts,Q2,S01,6c0e83ce2f,research\sessions\2026-08-31_2226_parlertts_b4_negative\audio\parlertts\rate_volume_pitch\S01_Q2.wav
00db87334c,test,parlertts,2026-08-31_2226_parlertts_b4_negative,parlertts,Q2,S02,8bc7d20d1a,research\sessions\2026-08-31_2226_parlertts_b4_negative\audio\parlertts\rate_volume_pitch\S02_Q2.wav
38a2275e65,test,parlertts,2026-08-31_2226_parlertts_b4_negative,parlertts,Q2,S03,2aae57eb51,research\sessions\2026-08-31_2226_parlertts_b4_negative\audio\parlertts\rate_volume_pitch\S03_Q2.wav
1ca05e7a65,test,parlertts,2026-08-31_2226_parlertts_b4_negative,parlertts,Q3,S01,41e34b26e6,research\sessions\2026-08-31_2226_parlertts_b4_negative\audio\parlertts\rate_volume_pitch\S01_Q3.wav
523fa1b200,test,parlertts,2026-08-31_2226_parlertts_b4_negative,parlertts,Q3,S02,466ebeaf8e,research\sessions\2026-08-31_2226_parlertts_b4_negative\audio\parlertts\rate_volume_pitch\S02_Q3.wav
1b3d48048f,test,parlertts,2026-08-31_2226_parlertts_b4_negative,parlertts,Q3,S03,cedf0ec149,research\sessions\2026-08-31_2226_parlertts_b4_negative\audio\parlertts\rate_volume_pitch\S03_Q3.wav
d1f4f35324,test,parlertts,2026-08-31_2226_parlertts_b4_negative,parlertts,Q4,S01,8c22125a0b,research\sessions\2026-08-31_2226_parlertts_b4_negative\audio\parlertts\rate_volume_pitch\S01_Q4.wav
de9f9a11ec,test,parlertts,2026-08-31_2226_parlertts_b4_negative,parlertts,Q4,S02,1408669dd4,research\sessions\2026-08-31_2226_parlertts_b4_negative\audio\parlertts\rate_volume_pitch\S02_Q4.wav
ea9b2ba9f4,test,parlertts,2026-08-31_2226_parlertts_b4_negative,parlertts,Q4,S03,7c33918067,research\sessions\2026-08-31_2226_parlertts_b4_negative\audio\parlertts\rate_volume_pitch\S03_Q4.wav
a6448be432,test,espeak,2026-07-26_2340_espeak_check,espeak,Q1,S01,c2ae8dad23,research\sessions\2026-07-26_2340_espeak_check\audio\espeak\rate_volume_pitch\S01_Q1.wav
ed5a493300,test,espeak,2026-07-26_2340_espeak_check,espeak,Q1,S02,73aa59558e,research\sessions\2026-07-26_2340_espeak_check\audio\espeak\rate_volume_pitch\S02_Q1.wav
1784fe7f2c,test,espeak,2026-07-26_2340_espeak_check,espeak,Q1,S03,1d0375e86e,research\sessions\2026-07-26_2340_espeak_check\audio\espeak\rate_volume_pitch\S03_Q1.wav
975f98a349,test,espeak,2026-07-26_2340_espeak_check,espeak,Q2,S01,2e0ad3ea45,research\sessions\2026-07-26_2340_espeak_check\audio\espeak\rate_volume_pitch\S01_Q2.wav
b4fd767f6b,test,espeak,2026-07-26_2340_espeak_check,espeak,Q2,S02,4521ddccf8,research\sessions\2026-07-26_2340_espeak_check\audio\espeak\rate_volume_pitch\S02_Q2.wav
21c67ecbdc,test,espeak,2026-07-26_2340_espeak_check,espeak,Q2,S03,af5684b13d,research\sessions\2026-07-26_2340_espeak_check\audio\espeak\rate_volume_pitch\S03_Q2.wav
b9748bb057,test,espeak,2026-07-26_2340_espeak_check,espeak,Q3,S01,861cb45ed2,research\sessions\2026-07-26_2340_espeak_check\audio\espeak\rate_volume_pitch\S01_Q3.wav
3f1b82077c,test,espeak,2026-07-26_2340_espeak_check,espeak,Q3,S02,d99e569f88,research\sessions\2026-07-26_2340_espeak_check\audio\espeak\rate_volume_pitch\S02_Q3.wav
4dc2510f09,test,espeak,2026-07-26_2340_espeak_check,espeak,Q3,S03,bfb9050f1a,research\sessions\2026-07-26_2340_espeak_check\audio\espeak\rate_volume_pitch\S03_Q3.wav
f92fd2f684,test,espeak,2026-07-26_2340_espeak_check,espeak,Q4,S01,30f0e41747,research\sessions\2026-07-26_2340_espeak_check\audio\espeak\rate_volume_pitch\S01_Q4.wav
bfd46c06ba,test,espeak,2026-07-26_2340_espeak_check,espeak,Q4,S02,519b1de40c,research\sessions\2026-07-26_2340_espeak_check\audio\espeak\rate_volume_pitch\S02_Q4.wav
1172e43876,test,espeak,2026-07-26_2340_espeak_check,espeak,Q4,S03,b0d31cc2ed,research\sessions\2026-07-26_2340_espeak_check\audio\espeak\rate_volume_pitch\S03_Q4.wav
