clip_id,blind_id,created,engine,param_set,stimulus_id,quadrant,valence,arousal,intensity,rate,volume,pitch,pitch_rendered,duration_s,duration_ok,model,text,audio_path,sha256,commit,tag
5771279819,Bb9d6e1,2026-08-31T23:04:31.356724+00:00,parlertts,rate,S01,Q1,0.6,0.6,0.7,1.168,1.0,1.0,no,6.269,yes,fixed-text,"The train from the coast reaches the station after noon, and the passengers collect their bags before the doors open.",research\sessions\2026-09-01_0002_parlertts_b4_nodial\audio\parlertts\rate\S01_Q1.wav,19ec97ccef5b3adc3341f1262d86328d782800b8ec824ffa869d245bf8f1ab3a,c4f2ab0,v0.7-layers
9bcd7406d8,B882556,2026-08-31T23:06:21.459055+00:00,parlertts,rate,S01,Q2,-0.6,0.6,0.7,1.072,1.0,1.0,no,6.304,yes,fixed-text,"The train from the coast reaches the station after noon, and the passengers collect their bags before the doors open.",research\sessions\2026-09-01_0002_parlertts_b4_nodial\audio\parlertts\rate\S01_Q2.wav,99dadab789893526525741144e087ea4b75d39e39b3ed1369e96edf4140d15c5,c4f2ab0,v0.7-layers
4a4dfbf656,B5d9060,2026-08-31T23:08:13.606857+00:00,parlertts,rate,S01,Q3,-0.6,-0.6,0.7,0.832,1.0,1.0,no,6.269,yes,fixed-text,"The train from the coast reaches the station after noon, and the passengers collect their bags before the doors open.",research\sessions\2026-09-01_0002_parlertts_b4_nodial\audio\parlertts\rate\S01_Q3.wav,430772add7a8bf8302076cdcad4ef64bc85616d13312fd13c07400e5e998dfc7,c4f2ab0,v0.7-layers
ffe125da48,B5f1934,2026-08-31T23:10:06.416481+00:00,parlertts,rate,S01,Q4,0.6,-0.6,0.7,0.928,1.0,1.0,no,6.269,yes,fixed-text,"The train from the coast reaches the station after noon, and the passengers collect their bags before the doors open.",research\sessions\2026-09-01_0002_parlertts_b4_nodial\audio\parlertts\rate\S01_Q4.wav,308b1386b9e092d5129aeead427ea33d531ed9435253f5a39201d825087767aa,c4f2ab0,v0.7-layers
814e773ffb,Bdbcdd7,2026-08-31T23:11:51.382030+00:00,parlertts,rate,S02,Q1,0.6,0.6,0.7,1.168,1.0,1.0,no,5.515,yes,fixed-text,"She placed the grey folder on the shelf, checked the list of names again, and returned to the meeting room.",research\sessions\2026-09-01_0002_parlertts_b4_nodial\audio\parlertts\rate\S02_Q1.wav,e9bc2e13c4697ef9302b3af8d62ec2b0864ca98c83b00ec9f4d5992571feda40,c4f2ab0,v0.7-layers
896e917479,Beb0840,2026-08-31T23:13:22.739300+00:00,parlertts,rate,S02,Q2,-0.6,0.6,0.7,1.072,1.0,1.0,no,4.946,yes,fixed-text,"She placed the grey folder on the shelf, checked the list of names again, and returned to the meeting room.",research\sessions\2026-09-01_0002_parlertts_b4_nodial\audio\parlertts\rate\S02_Q2.wav,b8e28845af2373a5e650b0bd44edbba12a5bb5c3428467888a74b39674337a7e,c4f2ab0,v0.7-layers
0316861f07,B239850,2026-08-31T23:15:04.544835+00:00,parlertts,rate,S02,Q3,-0.6,-0.6,0.7,0.832,1.0,1.0,no,5.805,yes,fixed-text,"She placed the grey folder on the shelf, checked the list of names again, and returned to the meeting room.",research\sessions\2026-09-01_0002_parlertts_b4_nodial\audio\parlertts\rate\S02_Q3.wav,4250dc67c271e392cf453831ed1c7c15944e22587cdd2bcd6fad23e1b3808a3b,c4f2ab0,v0.7-layers
5bd7db21b8,B9a8d43,2026-08-31T23:16:50.991014+00:00,parlertts,rate,S02,Q4,0.6,-0.6,0.7,0.928,1.0,1.0,no,5.805,yes,fixed-text,"She placed the grey folder on the shelf, checked the list of names again, and returned to the meeting room.",research\sessions\2026-09-01_0002_parlertts_b4_nodial\audio\parlertts\rate\S02_Q4.wav,62fd767a99f35a688d2bfb007610254c02e7d5e282f06e0aa4c5e9394761b451,c4f2ab0,v0.7-layers
f56aa158fe,B8d6eb7,2026-08-31T23:18:30.663980+00:00,parlertts,rate,S03,Q1,0.6,0.6,0.7,1.168,1.0,1.0,no,5.271,yes,fixed-text,"After the rain had stopped, the workers opened the gates and stacked the empty boxes along the far wall.",research\sessions\2026-09-01_0002_parlertts_b4_nodial\audio\parlertts\rate\S03_Q1.wav,41569380419d6dedd5f1d8302c0508a7c5aff194eba1c39d167abef4b87b8528,c4f2ab0,v0.7-layers
e3f01945ab,B2b31dd,2026-08-31T23:20:02.240698+00:00,parlertts,rate,S03,Q2,-0.6,0.6,0.7,1.072,1.0,1.0,no,5.097,yes,fixed-text,"After the rain had stopped, the workers opened the gates and stacked the empty boxes along the far wall.",research\sessions\2026-09-01_0002_parlertts_b4_nodial\audio\parlertts\rate\S03_Q2.wav,93456c36336238492eb154483ef4a2b60c4b8cbcc9da055a7bf0db14dcf305d6,c4f2ab0,v0.7-layers
d4f6c9fcad,Bbc9089,2026-08-31T23:21:31.012935+00:00,parlertts,rate,S03,Q3,-0.6,-0.6,0.7,0.832,1.0,1.0,no,5.097,yes,fixed-text,"After the rain had stopped, the workers opened the gates and stacked the empty boxes along the far wall.",research\sessions\2026-09-01_0002_parlertts_b4_nodial\audio\parlertts\rate\S03_Q3.wav,1ce3938e75ed860e66cbc8e64ad11a58de61ab6a93a26147366c73cb86c4fd8f,c4f2ab0,v0.7-layers
676dcb10ea,B5f85a0,2026-08-31T23:23:17.026042+00:00,parlertts,rate,S03,Q4,0.6,-0.6,0.7,0.928,1.0,1.0,no,5.921,yes,fixed-text,"After the rain had stopped, the workers opened the gates and stacked the empty boxes along the far wall.",research\sessions\2026-09-01_0002_parlertts_b4_nodial\audio\parlertts\rate\S03_Q4.wav,51b3967ace431e8b0972d5b9b0df1399c8c0959fb8967a647eb59d21255ac0f3,c4f2ab0,v0.7-layers
83d327fb50,B43cf5c,2026-08-31T23:25:13.476057+00:00,parlertts,rate,S04,Q1,0.6,0.6,0.7,1.168,1.0,1.0,no,6.153,yes,fixed-text,The report on the table covers the past three months and will be read by the committee later next week.,research\sessions\2026-09-01_0002_parlertts_b4_nodial\audio\parlertts\rate\S04_Q1.wav,fd2f82f039ad0c42810142cb720c6044c676bd2229e407dfc41dd0188b04aba7,c4f2ab0,v0.7-layers
d7d9023d0b,Bb9500b,2026-08-31T23:26:57.658202+00:00,parlertts,rate,S04,Q2,-0.6,0.6,0.7,1.072,1.0,1.0,no,5.805,yes,fixed-text,The report on the table covers the past three months and will be read by the committee later next week.,research\sessions\2026-09-01_0002_parlertts_b4_nodial\audio\parlertts\rate\S04_Q2.wav,9d685fbf5ecda8060f5a4c7d626e1bee07f1a68d2bd78b162614fe34551059f5,c4f2ab0,v0.7-layers
ede07d2cdd,Baa1906,2026-08-31T23:28:41.999679+00:00,parlertts,rate,S04,Q3,-0.6,-0.6,0.7,0.832,1.0,1.0,no,5.944,yes,fixed-text,The report on the table covers the past three months and will be read by the committee later next week.,research\sessions\2026-09-01_0002_parlertts_b4_nodial\audio\parlertts\rate\S04_Q3.wav,c2f2fcb6e32521447029c5afa4512fd4f25dd9d5b794bd7bd0c2f57c078df511,c4f2ab0,v0.7-layers
8ea78cca1d,Baae9af,2026-08-31T23:30:19.268140+00:00,parlertts,rate,S04,Q4,0.6,-0.6,0.7,0.928,1.0,1.0,no,5.457,yes,fixed-text,The report on the table covers the past three months and will be read by the committee later next week.,research\sessions\2026-09-01_0002_parlertts_b4_nodial\audio\parlertts\rate\S04_Q4.wav,b33c96fb1977ed60bccf640bbba53397bbf399f8d23eddc88e76300416c1df3b,c4f2ab0,v0.7-layers
33cb3e8614,B80cb63,2026-08-31T23:32:06.839079+00:00,parlertts,rate,S05,Q1,0.6,0.6,0.7,1.168,1.0,1.0,no,6.084,yes,fixed-text,"He parked near the corner shop, bought a loaf of bread and a carton of milk, and walked home slowly.",research\sessions\2026-09-01_0002_parlertts_b4_nodial\audio\parlertts\rate\S05_Q1.wav,687c2cb6d2ace34a1eaab162f904b5a6478da34c7379aa007f6749867006d954,c4f2ab0,v0.7-layers
3d5101df47,B5f419e,2026-08-31T23:33:52.633587+00:00,parlertts,rate,S05,Q2,-0.6,0.6,0.7,1.072,1.0,1.0,no,6.026,yes,fixed-text,"He parked near the corner shop, bought a loaf of bread and a carton of milk, and walked home slowly.",research\sessions\2026-09-01_0002_parlertts_b4_nodial\audio\parlertts\rate\S05_Q2.wav,fc2f7940ffe7960d29b8f0dad46be10c5a831865f9b7886a6f5bd9a9e5e01e57,c4f2ab0,v0.7-layers
fdb9d3e311,B3f8aa6,2026-08-31T23:35:45.068184+00:00,parlertts,rate,S05,Q3,-0.6,-0.6,0.7,0.832,1.0,1.0,no,6.629,yes,fixed-text,"He parked near the corner shop, bought a loaf of bread and a carton of milk, and walked home slowly.",research\sessions\2026-09-01_0002_parlertts_b4_nodial\audio\parlertts\rate\S05_Q3.wav,260170f69219fe06f0bbd7b63dcee52b882c32d3955df75eecf9f9ad9b7b120a,c4f2ab0,v0.7-layers
b65e200aa5,Bde8c0f,2026-08-31T23:37:37.181736+00:00,parlertts,rate,S05,Q4,0.6,-0.6,0.7,0.928,1.0,1.0,no,6.734,yes,fixed-text,"He parked near the corner shop, bought a loaf of bread and a carton of milk, and walked home slowly.",research\sessions\2026-09-01_0002_parlertts_b4_nodial\audio\parlertts\rate\S05_Q4.wav,561d77559a6bedc06ba90951a84026e8bd325a14d450c5e2d3f6faf8510c64fc,c4f2ab0,v0.7-layers
