file,actor,label,target_quadrant,intensity,rec_valence,rec_arousal,rec_quadrant,utmos
03-01-03-02-02-01-01.wav,1,happy,Q1,02,-0.2960,0.1780,Q2,3.5032
03-01-03-02-02-02-02.wav,2,happy,Q1,02,-0.1520,0.3470,Q2,3.5289
03-01-03-01-02-01-03.wav,3,happy,Q1,01,-0.2790,0.1420,Q2,3.4971
03-01-03-02-01-02-04.wav,4,happy,Q1,02,-0.3770,0.5100,Q2,3.1646
03-01-03-02-01-02-05.wav,5,happy,Q1,02,-0.6700,0.6220,Q2,3.6286
03-01-03-02-02-02-06.wav,6,happy,Q1,02,-0.8590,0.7850,Q2,1.4087
03-01-03-01-01-01-07.wav,7,happy,Q1,01,-0.3340,-0.1240,Q3,4.0800
03-01-03-02-02-01-08.wav,8,happy,Q1,02,-0.4860,0.2200,Q2,3.3156
03-01-03-01-02-02-09.wav,9,happy,Q1,01,-0.3560,-0.2010,Q3,3.2882
03-01-03-01-02-01-10.wav,10,happy,Q1,01,-0.2280,0.1330,Q2,2.9422
03-01-03-02-01-01-11.wav,11,happy,Q1,02,-0.6820,0.3530,Q2,3.8485
03-01-03-01-01-02-12.wav,12,happy,Q1,01,-0.3410,0.0840,Q2,4.1862
03-01-03-01-02-02-13.wav,13,happy,Q1,01,-0.2530,0.1670,Q2,3.4995
03-01-03-01-02-02-14.wav,14,happy,Q1,01,-0.4670,0.5420,Q2,3.1848
03-01-03-02-01-02-15.wav,15,happy,Q1,02,-0.3690,0.0920,Q2,4.0867
03-01-03-02-02-01-16.wav,16,happy,Q1,02,-0.4480,0.4190,Q2,3.3527
03-01-03-02-02-01-17.wav,17,happy,Q1,02,-0.4820,0.4490,Q2,2.9890
03-01-03-02-02-02-18.wav,18,happy,Q1,02,0.0510,0.6150,Q1,1.5662
03-01-03-01-01-02-19.wav,19,happy,Q1,01,-0.1930,0.1470,Q2,3.1157
03-01-03-02-02-02-20.wav,20,happy,Q1,02,-0.0910,0.7880,Q2,1.3679
03-01-05-01-02-02-01.wav,1,angry,Q2,01,-0.2900,0.1950,Q2,4.1647
03-01-05-01-02-01-02.wav,2,angry,Q2,01,-0.4260,0.2350,Q2,3.7799
03-01-05-01-01-02-03.wav,3,angry,Q2,01,-0.4600,0.2130,Q2,4.0057
03-01-05-01-01-02-04.wav,4,angry,Q2,01,-0.3400,0.5000,Q2,3.4726
03-01-05-01-02-01-05.wav,5,angry,Q2,01,-0.4510,-0.1770,Q3,4.1684
03-01-05-02-02-02-06.wav,6,angry,Q2,02,-1.0000,0.9640,Q2,1.3953
03-01-05-01-01-02-07.wav,7,angry,Q2,01,-0.7620,0.6770,Q2,3.5477
03-01-05-02-01-01-08.wav,8,angry,Q2,02,-0.8070,0.5590,Q2,2.6520
03-01-05-02-02-01-09.wav,9,angry,Q2,02,-0.8800,1.0000,Q2,1.3252
03-01-05-01-02-02-10.wav,10,angry,Q2,01,-0.4310,0.1030,Q2,4.1443
03-01-05-01-02-01-11.wav,11,angry,Q2,01,-0.6710,0.2840,Q2,4.3824
03-01-05-02-02-01-12.wav,12,angry,Q2,02,-0.5930,0.5030,Q2,2.9658
03-01-05-02-02-01-13.wav,13,angry,Q2,02,-0.6470,0.8350,Q2,2.2870
03-01-05-02-01-01-14.wav,14,angry,Q2,02,-0.4480,0.7540,Q2,1.3671
03-01-05-01-02-01-15.wav,15,angry,Q2,01,-0.4380,0.1560,Q2,4.1255
03-01-05-01-02-01-16.wav,16,angry,Q2,01,-0.4410,0.4510,Q2,3.1819
03-01-05-01-01-02-17.wav,17,angry,Q2,01,-0.4230,-0.1940,Q3,3.9341
03-01-05-02-02-02-18.wav,18,angry,Q2,02,-0.4330,0.8920,Q2,1.3540
03-01-05-02-02-02-19.wav,19,angry,Q2,02,-0.6300,0.9130,Q2,2.1083
03-01-05-01-01-02-20.wav,20,angry,Q2,01,-0.3300,0.4780,Q2,2.6081
03-01-04-01-02-01-01.wav,1,sad,Q3,01,-0.2620,-0.2180,Q3,4.0440
03-01-04-02-02-01-02.wav,2,sad,Q3,02,-0.3320,-0.1480,Q3,3.0956
03-01-04-01-02-01-03.wav,3,sad,Q3,01,-0.4860,-0.3710,Q3,4.0527
03-01-04-02-01-01-04.wav,4,sad,Q3,02,-0.4630,0.4910,Q2,2.6678
03-01-04-02-02-02-05.wav,5,sad,Q3,02,-0.1280,-0.1710,Q3,3.0832
03-01-04-01-02-01-06.wav,6,sad,Q3,01,-0.3990,-0.1480,Q3,3.9433
03-01-04-01-02-02-07.wav,7,sad,Q3,01,-0.3610,-0.1340,Q3,3.9768
03-01-04-01-01-01-08.wav,8,sad,Q3,01,-0.3990,-0.3430,Q3,3.4807
03-01-04-02-02-02-09.wav,9,sad,Q3,02,0.2410,-0.0330,Q4,1.6800
03-01-04-02-01-01-10.wav,10,sad,Q3,02,-0.2640,-0.0300,Q3,3.7458
03-01-04-01-02-01-11.wav,11,sad,Q3,01,-0.5310,-0.2870,Q3,3.7002
03-01-04-02-01-02-12.wav,12,sad,Q3,02,-0.4640,0.4480,Q2,1.5957
03-01-04-01-02-01-13.wav,13,sad,Q3,01,-0.3580,-0.2760,Q3,4.0269
03-01-04-01-01-02-14.wav,14,sad,Q3,01,-0.3240,0.1740,Q2,4.2079
03-01-04-01-02-01-15.wav,15,sad,Q3,01,-0.4800,-0.1470,Q3,3.8713
03-01-04-02-02-02-16.wav,16,sad,Q3,02,-0.4950,0.1070,Q2,2.9798
03-01-04-01-02-01-17.wav,17,sad,Q3,01,-0.4690,-0.3140,Q3,3.8289
03-01-04-02-02-01-18.wav,18,sad,Q3,02,0.0790,0.4120,Q1,2.3385
03-01-04-02-02-01-19.wav,19,sad,Q3,02,-0.4630,-0.2090,Q3,2.9343
03-01-04-01-01-02-20.wav,20,sad,Q3,01,-0.1810,-0.2850,Q3,3.1403
03-01-02-01-01-02-01.wav,1,calm,Q4,01,-0.2980,-0.1840,Q3,4.1144
03-01-02-02-01-01-02.wav,2,calm,Q4,02,-0.2570,-0.1580,Q3,4.3507
03-01-02-01-02-02-03.wav,3,calm,Q4,01,-0.4190,-0.1020,Q3,4.1614
03-01-02-01-01-02-04.wav,4,calm,Q4,01,-0.2820,-0.0640,Q3,4.3872
03-01-02-02-02-02-05.wav,5,calm,Q4,02,-0.4410,-0.6700,Q3,3.0144
03-01-02-02-01-01-06.wav,6,calm,Q4,02,-0.3110,-0.3730,Q3,3.2080
03-01-02-02-01-02-07.wav,7,calm,Q4,02,-0.2810,-0.2990,Q3,3.9822
03-01-02-01-01-01-08.wav,8,calm,Q4,01,-0.2290,-0.2310,Q3,4.0432
03-01-02-01-02-01-09.wav,9,calm,Q4,01,-0.4410,-0.5650,Q3,3.4010
03-01-02-02-02-01-10.wav,10,calm,Q4,02,-0.4230,-0.2650,Q3,3.6984
03-01-02-02-02-01-11.wav,11,calm,Q4,02,-0.4070,-0.6320,Q3,3.6020
03-01-02-02-02-01-12.wav,12,calm,Q4,02,-0.3430,-0.3300,Q3,3.5194
03-01-02-01-01-02-13.wav,13,calm,Q4,01,-0.2000,-0.0990,Q3,3.7309
03-01-02-01-01-02-14.wav,14,calm,Q4,01,-0.2000,-0.0960,Q3,4.0469
03-01-02-01-02-01-15.wav,15,calm,Q4,01,-0.4590,-0.4700,Q3,4.0414
03-01-02-02-02-02-16.wav,16,calm,Q4,02,-0.3100,-0.1340,Q3,4.2612
03-01-02-01-01-02-17.wav,17,calm,Q4,01,-0.3750,-0.2440,Q3,3.9338
03-01-02-01-02-02-18.wav,18,calm,Q4,01,-0.3100,-0.1550,Q3,4.2491
03-01-02-01-02-01-19.wav,19,calm,Q4,01,-0.3280,-0.4630,Q3,3.9118
03-01-02-01-02-01-20.wav,20,calm,Q4,01,-0.2240,-0.1420,Q3,3.6366
