acoustic,listener,spearman_rho,p_spearman,rho_ci_lo,rho_ci_hi,pearson_r,p_pearson,n
aro_sep__d_f0_median_st,lis_imp_arousal,-0.016666666666666666,0.9660548039946862,-0.8422082379862701,0.7264957264957264,-0.12824069794621318,0.7423041088991632,9
aro_sep__d_articulation_rate,lis_imp_arousal,0.65,0.058073058017148654,-0.10526315789473685,0.9821428571428571,0.7170161459703636,0.029700721268078246,9
aro_sep__d_f0_range_st,lis_imp_arousal,-0.26666666666666666,0.48792227483870076,-0.7192982456140351,0.5263157894736842,-0.4816680606413386,0.1892188041163817,9
val_sep__d_hnr_db,lis_imp_valence,-0.5499999999999999,0.12497678418833195,-0.9316239316239315,0.21739130434782608,-0.4148007878428977,0.2669513911457808,9
val_sep__d_jitter_local_pct,lis_imp_valence,0.35,0.35581957250178897,-0.5283018867924528,0.9999999999999999,0.5667946585128315,0.11153399719514644,9
val_sep__d_shimmer_local_pct,lis_imp_valence,0.2333333333333333,0.5456987782182728,-0.6981132075471697,0.9285714285714285,0.409176853269972,0.2741477221536879,9
aro_sep__d_f0_median_st,lis_improvement,-0.016666666666666666,0.9660548039946862,-0.7192982456140351,0.7192982456140351,-0.23053149184582922,0.5506697218719436,9
pitch_excursion_st,lis_improvement,-0.13333333333333333,0.7323675052362973,-0.8214285714285713,0.5789473684210527,-0.18764824224074034,0.6287662937350983,9
pitch_excursion_st,lis_preset_naturalness,0.33333333333333337,0.38071318167686347,-0.5263157894736842,0.9449541284403669,0.3387345650129414,0.3725580779713488,9
pitch_excursion_st,auto_utmos,-0.06666666666666667,0.8646897846262036,-0.8,0.6695652173913045,-0.10921627068459806,0.779706207871946,9
