axis,measure,n_engines,mean_separation,ci_lo,ci_hi,p_bootstrap,wilcoxon_W,p_wilcoxon,n_engines_positive
arousal,d_f0_median_st,9,1.472888888888889,0.7811625,2.213277777777778,0.0,0.0,0.00390625,9
arousal,d_f0_sd_st,9,0.43799999999999994,0.24183333333333337,0.6170013888888889,0.0,2.0,0.01171875,8
arousal,d_f0_range_st,9,0.9757222222222224,0.46705555555555567,1.614754166666664,0.0,0.0,0.00390625,9
arousal,d_articulation_rate,9,0.9969999999999999,0.44038888888888883,1.5681722222222219,0.0002,3.0,0.01953125,8
arousal,d_speech_rate,9,0.7037222222222222,0.1970555555555556,1.2325555555555556,0.0047,5.0,0.0390625,7
arousal,d_pause_fraction,9,0.01267222222222222,-0.0037333333333333324,0.03082819444444441,0.1382,13.0,0.30078125,6
valence,d_hnr_db,9,-0.008333333333333366,-0.9642944444444446,0.9086166666666662,0.9951,22.0,1.0,4
valence,d_jitter_local_pct,9,-0.03705555555555554,-0.17566222222222225,0.10512555555555528,0.6071,15.0,0.42578125,3
valence,d_shimmer_local_pct,9,0.29822222222222217,-0.21102402777777773,0.8464222222222221,0.2741,15.0,0.42578125,5
valence,d_dynamic_range_db,9,-0.2877777777777778,-0.8952777777777778,0.24850833333333266,0.328,16.0,0.49609375,4
