engine,mechanism,aro_sep__d_f0_median_st,val_sep__d_f0_median_st,aro_sep__d_f0_sd_st,val_sep__d_f0_sd_st,aro_sep__d_f0_range_st,val_sep__d_f0_range_st,aro_sep__d_articulation_rate,val_sep__d_articulation_rate,aro_sep__d_speech_rate,val_sep__d_speech_rate,aro_sep__d_pause_fraction,val_sep__d_pause_fraction,aro_sep__d_hnr_db,val_sep__d_hnr_db,aro_sep__d_jitter_local_pct,val_sep__d_jitter_local_pct,aro_sep__d_shimmer_local_pct,val_sep__d_shimmer_local_pct,aro_sep__d_dynamic_range_db,val_sep__d_dynamic_range_db,pitch_excursion_st,rate_excursion
parlertts,Natural-language delivery instruction,3.585,0.1379999999999999,0.665,0.543,3.095,0.8720000000000001,0.2965,0.6735,0.16750000000000004,0.1185,0.0063499999999999945,0.05365,0.06499999999999995,-2.507,-0.012950000000000017,0.03134999999999999,0.4221000000000001,0.6881000000000002,-0.9390000000000001,-0.387,1.7925,0.48125
espeak,Explicit prosody markup,2.537,3.974,0.0020000000000000018,-0.017000000000000015,0.14649999999999996,0.16249999999999998,1.275,0.477,1.0670000000000002,0.412,-0.0033,-0.0040999999999999995,-1.0274999999999999,1.4064999999999999,-0.0030999999999999986,-0.239,1.3405500000000001,-0.71735,-0.6625000000000001,0.0155,1.9869999999999999,0.6375
kokoro,"Native rate, external pitch and level",1.9940000000000002,1.339,0.6995,0.8195,0.5485,0.8055,1.1045,0.6355000000000001,0.77,0.491,9.99999999999994e-05,-0.009500000000000001,-0.022499999999999964,-0.08750000000000002,-0.07905,-0.06914999999999999,0.21764999999999995,-0.10394999999999999,0.7345,1.1025,0.9970000000000001,0.55225
chatterbox,Reference or style conditioning,1.9335,1.5265,0.5579999999999999,0.529,1.4505,1.8075,1.471,-0.371,0.973,-0.34600000000000003,0.01715,0.009350000000000004,-2.039,1.294,0.31535,-0.06595000000000001,2.62695,-0.43975,-0.46050000000000013,-2.3275,2.69825,1.2515
cosyvoice2,Natural-language delivery instruction,1.43,-0.22199999999999998,0.28500000000000003,0.10100000000000003,0.33750000000000013,1.6945,0.44999999999999996,0.3979999999999999,-0.05899999999999994,0.7920000000000003,0.0616,-0.0856,-0.948,-1.547,0.497,0.3814,0.51155,1.3958499999999998,0.2305,-0.5465,1.958,1.0999999999999999
sapi5xml,Explicit prosody markup,0.9969999999999999,1.9249999999999998,0.696,-0.41400000000000003,0.663,0.922,2.367,1.237,1.8295,0.9285,-0.024399999999999998,-0.007899999999999999,0.5805,1.8315,0.07014999999999999,-0.060350000000000015,1.48,0.05059999999999998,-0.0040000000000000036,0.47100000000000003,0.9625,1.1835
styletts2,Reference or style conditioning,0.4435000000000001,0.7645000000000001,0.28099999999999997,0.06400000000000006,1.343,0.15000000000000013,0.24049999999999994,0.019500000000000017,0.096,0.017000000000000015,0.0148,-0.0010000000000000009,-1.5105,1.1764999999999999,0.33555,-0.43484999999999996,2.3832999999999998,-0.6024999999999998,0.5490000000000002,-0.22899999999999998,1.6977499999999999,0.49924999999999997
zipvoice,Reference or style conditioning,0.2455,1.2465,0.766,0.11499999999999999,1.149000000000001,-0.08099999999999952,-0.37750000000000017,0.0625,-0.47350000000000003,0.2925,0.0523,-0.0685,-1.1680000000000001,-0.789,0.13065,-0.05914999999999998,-0.39985000000000004,1.65275,-0.11749999999999994,-0.6964999999999999,1.6317499999999998,0.9857500000000001
pyttsx3,Explicit prosody markup,0.0905,0.0615,-0.010500000000000002,-0.0115,0.04849999999999999,-0.0915,2.146,0.849,1.963,0.7869999999999999,-0.01055,-0.00605,-2.255,-0.853,0.47409999999999997,0.18220000000000003,1.48115,0.76025,-0.15949999999999998,0.007500000000000007,0.05975,1.073
