engine,emotion,d_f0_median_st,d_f0_sd_st,d_f0_range_st,d_f0_p20_p80_st,d_articulation_rate,d_speech_rate,d_pause_fraction,d_jitter_local_pct,d_shimmer_local_pct,d_hnr_db,d_dynamic_range_db,d_dur_s
pyttsx3,happy,0.044,-0.025,-0.03,-0.192,1.921,1.764,-0.0086,0.4494,0.819,-1.821,-0.431,-1.362
pyttsx3,upset,-0.029,-0.002,-0.005,-0.078,0.85,0.784,-0.0048,0.2303,0.1464,-0.918,0.077,-0.704
pyttsx3,sad,-0.108,-0.003,0.013,0.03,-1.074,-0.986,0.008,-0.2069,-1.4224,1.287,-0.279,1.258
pyttsx3,calm,-0.058,-0.003,-0.145,-0.11,-0.447,-0.392,-0.0003,-0.0616,-0.5745,0.484,0.244,0.438
sapi5xml,happy,1.676,-1.071,0.134,-0.125,2.25,1.721,-0.015,-0.3341,-0.1376,-0.169,-0.085,-2.215
sapi5xml,upset,-0.574,0.088,-0.31,-0.137,0.729,0.587,-0.0109,-0.3038,0.041,-0.548,-0.899,-0.948
sapi5xml,sad,-1.246,-1.353,-1.451,-0.457,-1.354,-1.037,0.0173,-0.3439,-1.6682,-2.581,-0.552,2.63
sapi5xml,calm,0.354,-1.022,-0.051,0.025,-0.401,-0.314,0.0056,-0.4343,-1.3884,0.703,-0.424,0.635
espeak,happy,3.448,-0.297,-1.081,-0.348,0.902,0.76,-0.0029,-0.1386,0.0601,-0.107,-0.86,-0.929
espeak,upset,-0.737,-0.033,-0.151,0.118,0.398,0.342,-0.0026,0.2014,1.5382,-1.419,0.068,-0.455
espeak,sad,-3.063,-0.282,-1.39,0.137,-0.85,-0.719,0.0045,0.1035,-0.5631,-0.486,-0.213,1.23
espeak,calm,0.7,-0.052,-0.135,-0.05,-0.4,-0.313,-0.0034,-0.0345,-0.5197,1.015,0.746,0.482
kokoro,happy,1.274,0.89,0.596,0.6,0.438,0.273,0.0065,-0.2662,-0.5403,0.72,0.027,-0.475
kokoro,upset,0.506,-0.238,-0.516,-0.105,0.234,0.125,0.0073,-0.0499,-0.0046,0.151,0.225,-0.225
kokoro,sad,-2.059,-0.629,-0.758,0.175,-1.302,-0.988,0.0159,-0.118,-0.654,0.83,-1.81,2.475
kokoro,calm,-0.149,-0.118,-0.259,0.072,-0.235,-0.154,-0.0023,-0.04,-0.3262,0.086,0.593,0.3
chatterbox,happy,2.556,0.386,1.127,-0.121,-0.63,-0.233,-0.0285,-0.0124,0.3099,0.593,-2.91,0.26
chatterbox,upset,-3.463,-0.551,-3.063,0.352,-0.402,0.135,-0.0574,0.2462,1.0438,-3.015,0.314,-0.14
chatterbox,sad,-0.904,-0.701,-2.131,-1.26,-1.73,-0.86,-0.055,-0.2618,-1.8773,1.338,-0.122,1.1
chatterbox,calm,-3.87,-0.58,-2.706,0.068,-2.244,-1.184,-0.0652,-0.1351,-2.0229,0.318,-1.553,1.64
zipvoice,happy,2.178,-0.6,-3.452,-0.226,-0.946,-0.651,-0.0201,-0.2582,-0.7249,0.162,-1.507,1.53
zipvoice,upset,-2.332,-1.091,-4.646,-2.305,-1.403,-1.49,0.1159,-0.4014,-3.0931,1.248,-0.105,4.78
zipvoice,sad,0.686,-1.481,-4.52,-3.146,-0.631,-0.47,-0.0039,-0.3297,-1.9778,2.119,-0.693,1.046
zipvoice,calm,-1.331,-1.742,-5.876,-3.966,-0.963,-0.724,-0.0049,-0.5912,-1.0405,1.627,-0.684,1.743
styletts2,happy,2.241,-0.215,-0.571,-0.77,-0.272,-0.05,-0.0241,0.2875,-0.5772,0.803,-0.541,0.075
styletts2,upset,-1.919,-0.256,-0.362,-1.155,-0.486,-0.131,-0.0375,0.4769,-0.1198,-1.711,-1.032,0.2
styletts2,sad,1.033,-0.56,-2.064,-1.751,-0.532,-0.163,-0.0379,0.3868,-2.358,1.137,-0.861,0.25
styletts2,calm,-1.598,-0.473,-1.555,-1.227,-0.707,-0.21,-0.0533,-0.2935,-3.1056,0.976,-1.81,0.325
cosyvoice2,happy,-1.556,-0.153,-0.283,-0.108,1.261,1.314,-0.087,0.298,0.7473,-1.204,-0.381,-2.92
cosyvoice2,upset,-0.93,-0.152,-1.537,-1.837,1.389,0.711,0.028,0.4698,0.0076,-0.339,1.32,-1.84
cosyvoice2,sad,-2.764,-0.539,-2.315,-0.454,0.413,0.581,-0.063,-0.5804,-1.1601,1.291,-0.065,-1.56
cosyvoice2,calm,-2.582,-0.336,-0.18,-1.205,1.337,1.562,-0.1192,0.3542,0.8919,-0.938,0.543,-3.28
parlertts,happy,2.715,1.063,2.226,3.186,0.213,0.551,-0.0555,0.4468,1.2658,-3.04,0.226,-0.639
parlertts,upset,2.04,0.627,2.11,1.262,-0.666,0.255,-0.1034,0.2955,0.3517,-0.636,1.952,-0.314
parlertts,sad,-1.008,-0.145,-1.741,0.313,-0.757,0.265,-0.1155,0.4284,0.1556,-0.598,1.552,-0.326
parlertts,calm,-1.407,0.505,-0.113,2.31,-0.289,0.206,-0.0561,0.3398,0.6177,-3.208,2.504,-0.256
