engine,mechanism,aro_sep__d_f0_median_st,val_sep__d_f0_median_st,aro_sep__d_f0_sd_st,val_sep__d_f0_sd_st,aro_sep__d_f0_range_st,val_sep__d_f0_range_st,aro_sep__d_articulation_rate,val_sep__d_articulation_rate,aro_sep__d_speech_rate,val_sep__d_speech_rate,aro_sep__d_pause_fraction,val_sep__d_pause_fraction,aro_sep__d_hnr_db,val_sep__d_hnr_db,aro_sep__d_jitter_local_pct,val_sep__d_jitter_local_pct,aro_sep__d_shimmer_local_pct,val_sep__d_shimmer_local_pct,aro_sep__d_dynamic_range_db,val_sep__d_dynamic_range_db,pitch_excursion_st,rate_excursion,lis_improvement,lis_imp_valence,lis_imp_arousal,lis_preset_error,lis_preset_naturalness,lis_neutral_naturalness,lis_target_match,auto_utmos,auto_err_aro,auto_err_val
parlertts,Natural-language delivery instruction,3.585,0.1379999999999999,0.665,0.543,3.095,0.8720000000000001,0.2965,0.6735,0.16750000000000004,0.1185,0.0063499999999999945,0.05365,0.06499999999999995,-2.507,-0.012950000000000017,0.03134999999999999,0.4221000000000001,0.6881000000000002,-0.9390000000000001,-0.387,1.7925,0.48125,0.0171093749999999,0.01765625,0.0165624999999999,0.3241406249999999,3.59375,3.375,3.0625,4.05875,0.2264999999999999,0.291875
espeak,Explicit prosody markup,2.537,3.974,0.0020000000000000018,-0.017000000000000015,0.14649999999999996,0.16249999999999998,1.275,0.477,1.0670000000000002,0.412,-0.0033,-0.0040999999999999995,-1.0274999999999999,1.4064999999999999,-0.0030999999999999986,-0.239,1.3405500000000001,-0.71735,-0.6625000000000001,0.0155,1.9869999999999999,0.6375,0.000703125,-0.0475,0.04890625,0.339296875,1.0,1.125,2.234375,2.1685,0.25475,0.2931249999999999
kokoro,"Native rate, external pitch and level",1.9940000000000002,1.339,0.6995,0.8195,0.5485,0.8055,1.1045,0.6355000000000001,0.77,0.491,9.99999999999994e-05,-0.009500000000000001,-0.022499999999999964,-0.08750000000000002,-0.07905,-0.06914999999999999,0.21764999999999995,-0.10394999999999999,0.7345,1.1025,0.9970000000000001,0.55225,0.0849218749999999,0.0104687499999999,0.159375,0.2310156249999999,3.5,3.5,3.390625,4.51575,0.2794999999999999,0.283375
chatterbox,Reference or style conditioning,1.9335,1.5265,0.5579999999999999,0.529,1.4505,1.8075,1.471,-0.371,0.973,-0.34600000000000003,0.01715,0.009350000000000004,-2.039,1.294,0.31535,-0.06595000000000001,2.62695,-0.43975,-0.46050000000000013,-2.3275,2.69825,1.2515,0.0847656249999999,0.0385937499999999,0.1309374999999999,0.2383593749999999,3.5625,3.875,3.65625,4.263,0.19175,0.315125
cosyvoice2,Natural-language delivery instruction,1.43,-0.22199999999999998,0.28500000000000003,0.10100000000000003,0.33750000000000013,1.6945,0.44999999999999996,0.3979999999999999,-0.05899999999999994,0.7920000000000003,0.0616,-0.0856,-0.948,-1.547,0.497,0.3814,0.51155,1.3958499999999998,0.2305,-0.5465,1.958,1.0999999999999999,0.1262499999999999,0.1117187499999999,0.14078125,0.1993749999999999,3.375,2.0,3.640625,4.444,0.25975,0.27725
sapi5xml,Explicit prosody markup,0.9969999999999999,1.9249999999999998,0.696,-0.41400000000000003,0.663,0.922,2.367,1.237,1.8295,0.9285,-0.024399999999999998,-0.007899999999999999,0.5805,1.8315,0.07014999999999999,-0.060350000000000015,1.48,0.05059999999999998,-0.0040000000000000036,0.47100000000000003,0.9625,1.1835,0.0885937499999999,-0.00375,0.1809375,0.25484375,1.90625,2.25,3.0625,3.67375,0.23375,0.28875
styletts2,Reference or style conditioning,0.4435000000000001,0.7645000000000001,0.28099999999999997,0.06400000000000006,1.343,0.15000000000000013,0.24049999999999994,0.019500000000000017,0.096,0.017000000000000015,0.0148,-0.0010000000000000009,-1.5105,1.1764999999999999,0.33555,-0.43484999999999996,2.3832999999999998,-0.6024999999999998,0.5490000000000002,-0.22899999999999998,1.6977499999999999,0.49924999999999997,0.060078125,0.050625,0.0695312499999999,0.2527343749999999,3.28125,3.375,3.09375,4.4335,0.25775,0.2955
zipvoice,Reference or style conditioning,0.2455,1.2465,0.766,0.11499999999999999,1.149000000000001,-0.08099999999999952,-0.37750000000000017,0.0625,-0.47350000000000003,0.2925,0.0523,-0.0685,-1.1680000000000001,-0.789,0.13065,-0.05914999999999998,-0.39985000000000004,1.65275,-0.11749999999999994,-0.6964999999999999,1.6317499999999998,0.9857500000000001,-0.005859375,0.0023437499999999,-0.0140625,0.3096093749999999,2.875,3.5,2.9375,4.40475,0.2578749999999999,0.28925
pyttsx3,Explicit prosody markup,0.0905,0.0615,-0.010500000000000002,-0.0115,0.04849999999999999,-0.0915,2.146,0.849,1.963,0.7869999999999999,-0.01055,-0.00605,-2.255,-0.853,0.47409999999999997,0.18220000000000003,1.48115,0.76025,-0.15949999999999998,0.007500000000000007,0.05975,1.073,0.08375,0.04875,0.11875,0.2346874999999999,2.0,2.5,3.0,4.12975,0.2241249999999999,0.2956249999999999
