participant_id,engine,mechanism,emotion,preset_val_err,preset_aro_err,preset_tot_err,neutral_val_err,neutral_aro_err,neutral_tot_err,imp_val,imp_aro,imp_tot,preset_nat,neutral_nat,d_nat,preset_match,preset_val,preset_aro,neutral_val,neutral_aro
EXP1-173F879236334B1699851E77D8E73567,kokoro,"Native rate, external pitch and level",happy,0.08500000000000002,0.07500000000000001,0.08000000000000002,0.5349999999999999,0.8,0.6675,0.4499999999999999,0.7250000000000001,0.5874999999999999,3,4,-1,4.5,0.77,0.75,-0.47,-1.0
EXP1-173F879236334B1699851E77D8E73567,parlertts,Natural-language delivery instruction,sad,0.79,0.7849999999999999,0.7875,0.74,0.10999999999999999,0.425,-0.050000000000000044,-0.6749999999999999,-0.3625,5,4,1,1.0,0.98,0.97,0.88,-0.82
EXP1-173F879236334B1699851E77D8E73567,chatterbox,Reference or style conditioning,upset,0.185,0.2,0.1925,0.015000000000000013,0.135,0.07500000000000001,-0.16999999999999998,-0.065,-0.1175,4,4,0,5.0,-0.97,1.0,-0.63,0.87
EXP1-173F879236334B1699851E77D8E73567,chatterbox,Reference or style conditioning,sad,0.0050000000000000044,0.525,0.265,0.015000000000000013,0.735,0.375,0.010000000000000009,0.20999999999999996,0.10999999999999999,5,4,1,2.5,-0.61,0.45,-0.63,0.87
EXP1-173F879236334B1699851E77D8E73567,styletts2,Reference or style conditioning,sad,0.06999999999999998,0.05499999999999999,0.062499999999999986,0.13499999999999998,0.5,0.3175,0.065,0.445,0.255,2,2,0,4.5,-0.46,-0.49,-0.33,0.4
EXP1-173F879236334B1699851E77D8E73567,cosyvoice2,Natural-language delivery instruction,calm,0.125,0.065,0.095,0.51,0.18,0.345,0.385,0.11499999999999999,0.24999999999999997,5,2,3,5.0,0.85,-0.73,-0.42,-0.96
EXP1-173F879236334B1699851E77D8E73567,zipvoice,Reference or style conditioning,calm,0.6,0.0050000000000000044,0.3025,0.55,0.5549999999999999,0.5525,-0.04999999999999993,0.5499999999999999,0.25,2,4,-2,2.5,-0.6,-0.59,-0.5,0.51
EXP1-173F879236334B1699851E77D8E73567,styletts2,Reference or style conditioning,calm,0.13499999999999998,0.44,0.2875,0.46499999999999997,0.5,0.4825,0.32999999999999996,0.06,0.195,2,2,0,2.5,0.33,0.28,-0.33,0.4
EXP1-173F879236334B1699851E77D8E73567,sapi5xml,Explicit prosody markup,sad,0.44,0.2,0.32,0.44999999999999996,0.195,0.3225,0.009999999999999953,-0.0050000000000000044,0.0025000000000000022,1,1,0,2.0,0.28,-1.0,0.3,-0.99
EXP1-173F879236334B1699851E77D8E73567,kokoro,"Native rate, external pitch and level",sad,0.625,0.2,0.4125,0.065,0.2,0.1325,-0.56,0.0,-0.27999999999999997,3,4,-1,2.5,0.65,-1.0,-0.47,-1.0
EXP1-173F879236334B1699851E77D8E73567,sapi5xml,Explicit prosody markup,happy,0.10000000000000003,0.2,0.15000000000000002,0.15,0.7949999999999999,0.4725,0.04999999999999996,0.595,0.32249999999999995,1,1,0,5.0,0.8,1.0,0.3,-0.99
EXP1-173F879236334B1699851E77D8E73567,zipvoice,Reference or style conditioning,sad,0.2,0.2,0.2,0.04999999999999999,0.5549999999999999,0.3025,-0.15000000000000002,0.3549999999999999,0.10249999999999998,4,4,0,5.0,-1.0,-1.0,-0.5,0.51
EXP1-173F879236334B1699851E77D8E73567,chatterbox,Reference or style conditioning,calm,0.09500000000000003,0.2,0.14750000000000002,0.615,0.735,0.675,0.52,0.5349999999999999,0.5275000000000001,4,4,0,5.0,0.79,-1.0,-0.63,0.87
EXP1-173F879236334B1699851E77D8E73567,parlertts,Natural-language delivery instruction,calm,0.010000000000000009,0.76,0.385,0.14,0.10999999999999999,0.125,0.13,-0.65,-0.26,4,4,0,3.5,0.62,0.92,0.88,-0.82
EXP1-173F879236334B1699851E77D8E73567,chatterbox,Reference or style conditioning,happy,0.2,0.2,0.2,0.615,0.135,0.375,0.415,-0.065,0.175,4,4,0,5.0,1.0,1.0,-0.63,0.87
EXP1-173F879236334B1699851E77D8E73567,sapi5xml,Explicit prosody markup,calm,0.64,0.2,0.42000000000000004,0.15,0.195,0.1725,-0.49,-0.0050000000000000044,-0.24750000000000005,1,1,0,2.5,-0.68,-1.0,0.3,-0.99
EXP1-173F879236334B1699851E77D8E73567,cosyvoice2,Natural-language delivery instruction,happy,0.10500000000000004,0.04999999999999999,0.07750000000000001,0.51,0.78,0.645,0.40499999999999997,0.73,0.5675,4,2,2,5.0,0.81,0.7,-0.42,-0.96
EXP1-173F879236334B1699851E77D8E73567,pyttsx3,Explicit prosody markup,sad,0.10499999999999998,0.024999999999999967,0.06499999999999997,0.175,0.55,0.36250000000000004,0.07,0.5250000000000001,0.2975000000000001,2,1,1,4.5,-0.39,-0.55,-0.25,0.5
EXP1-173F879236334B1699851E77D8E73567,espeak,Explicit prosody markup,calm,0.05499999999999999,0.665,0.36,0.09000000000000002,0.8,0.44500000000000006,0.03500000000000003,0.135,0.08500000000000008,1,1,0,2.0,0.71,0.73,0.78,1.0
EXP1-173F879236334B1699851E77D8E73567,parlertts,Natural-language delivery instruction,happy,0.2,0.2,0.2,0.14,0.71,0.425,-0.06,0.51,0.22499999999999998,5,4,1,5.0,1.0,1.0,0.88,-0.82
EXP1-173F879236334B1699851E77D8E73567,espeak,Explicit prosody markup,happy,0.06,0.095,0.0775,0.09000000000000002,0.2,0.14500000000000002,0.030000000000000027,0.10500000000000001,0.06750000000000002,1,1,0,4.0,0.48,0.41,0.78,1.0
EXP1-173F879236334B1699851E77D8E73567,zipvoice,Reference or style conditioning,happy,0.585,0.05499999999999999,0.31999999999999995,0.55,0.044999999999999984,0.2975,-0.03499999999999992,-0.010000000000000009,-0.022499999999999964,3,4,-1,1.0,-0.57,0.49,-0.5,0.51
EXP1-173F879236334B1699851E77D8E73567,pyttsx3,Explicit prosody markup,upset,0.06,0.2,0.13,0.175,0.04999999999999999,0.11249999999999999,0.11499999999999999,-0.15000000000000002,-0.017500000000000016,2,1,1,4.5,-0.48,1.0,-0.25,0.5
EXP1-173F879236334B1699851E77D8E73567,styletts2,Reference or style conditioning,upset,0.5449999999999999,0.06999999999999998,0.30749999999999994,0.13499999999999998,0.09999999999999998,0.11749999999999998,-0.4099999999999999,0.03,-0.18999999999999995,2,2,0,2.0,0.49,0.46,-0.33,0.4
EXP1-173F879236334B1699851E77D8E73567,espeak,Explicit prosody markup,upset,0.2,0.2,0.2,0.69,0.2,0.44499999999999995,0.48999999999999994,0.0,0.24499999999999994,1,1,0,4.5,-1.0,1.0,0.78,1.0
EXP1-173F879236334B1699851E77D8E73567,kokoro,"Native rate, external pitch and level",calm,0.2,0.08000000000000002,0.14,0.5349999999999999,0.2,0.36749999999999994,0.3349999999999999,0.12,0.22749999999999992,5,4,1,5.0,1.0,-0.76,-0.47,-1.0
EXP1-173F879236334B1699851E77D8E73567,parlertts,Natural-language delivery instruction,upset,0.6699999999999999,0.52,0.595,0.74,0.71,0.725,0.07000000000000006,0.18999999999999995,0.13,5,4,1,2.5,0.74,-0.44,0.88,-0.82
EXP1-173F879236334B1699851E77D8E73567,espeak,Explicit prosody markup,sad,0.48,0.15500000000000003,0.3175,0.69,0.8,0.745,0.20999999999999996,0.645,0.4275,1,1,0,2.0,0.36,-0.91,0.78,1.0
EXP1-173F879236334B1699851E77D8E73567,pyttsx3,Explicit prosody markup,calm,0.08499999999999999,0.2,0.14250000000000002,0.425,0.55,0.48750000000000004,0.33999999999999997,0.35000000000000003,0.34500000000000003,2,1,1,4.5,0.43,-1.0,-0.25,0.5
EXP1-173F879236334B1699851E77D8E73567,styletts2,Reference or style conditioning,happy,0.45499999999999996,0.10999999999999999,0.2825,0.46499999999999997,0.09999999999999998,0.2825,0.010000000000000009,-0.010000000000000009,0.0,2,2,0,2.0,-0.31,0.38,-0.33,0.4
EXP1-173F879236334B1699851E77D8E73567,zipvoice,Reference or style conditioning,upset,0.0050000000000000044,0.07999999999999999,0.042499999999999996,0.04999999999999999,0.044999999999999984,0.04749999999999999,0.044999999999999984,-0.035,0.0049999999999999906,4,4,0,5.0,-0.59,0.44,-0.5,0.51
EXP1-173F879236334B1699851E77D8E73567,cosyvoice2,Natural-language delivery instruction,sad,0.030000000000000027,0.2,0.11500000000000002,0.09,0.18,0.135,0.05999999999999997,-0.020000000000000018,0.01999999999999999,4,2,2,5.0,-0.66,-1.0,-0.42,-0.96
EXP1-173F879236334B1699851E77D8E73567,pyttsx3,Explicit prosody markup,happy,0.635,0.065,0.35,0.425,0.04999999999999999,0.2375,-0.21000000000000002,-0.015000000000000013,-0.11249999999999999,1,1,0,2.0,-0.67,0.73,-0.25,0.5
EXP1-173F879236334B1699851E77D8E73567,cosyvoice2,Natural-language delivery instruction,upset,0.095,0.044999999999999984,0.06999999999999999,0.09,0.78,0.435,-0.0050000000000000044,0.7350000000000001,0.365,4,2,2,5.0,-0.41,0.69,-0.42,-0.96
EXP1-173F879236334B1699851E77D8E73567,sapi5xml,Explicit prosody markup,upset,0.47,0.19,0.32999999999999996,0.44999999999999996,0.7949999999999999,0.6224999999999999,-0.020000000000000018,0.605,0.2925,1,1,0,1.5,0.34,0.22,0.3,-0.99
EXP1-173F879236334B1699851E77D8E73567,kokoro,"Native rate, external pitch and level",upset,0.54,0.095,0.3175,0.065,0.8,0.4325,-0.47500000000000003,0.7050000000000001,0.11499999999999999,4,4,0,2.0,0.48,0.41,-0.47,-1.0
EXP1-23BF3A6C8851489AAC138EC95C29279D,chatterbox,Reference or style conditioning,calm,0.175,0.3,0.2375,0.185,0.415,0.3,0.010000000000000009,0.11499999999999999,0.0625,4,3,1,4.5,0.25,0.0,0.23,0.23
EXP1-23BF3A6C8851489AAC138EC95C29279D,sapi5xml,Explicit prosody markup,calm,0.18,0.18,0.18,0.175,0.185,0.18,-0.0050000000000000044,0.0050000000000000044,0.0,4,3,1,3.0,0.24,-0.24,0.25,-0.23
EXP1-23BF3A6C8851489AAC138EC95C29279D,pyttsx3,Explicit prosody markup,sad,0.175,0.18,0.1775,0.305,0.425,0.365,0.13,0.245,0.1875,2,2,0,4.5,-0.25,-0.24,0.01,0.25
EXP1-23BF3A6C8851489AAC138EC95C29279D,styletts2,Reference or style conditioning,calm,0.5449999999999999,0.18,0.36249999999999993,0.42,0.18,0.3,-0.12499999999999994,0.0,-0.062499999999999944,2,2,0,2.5,-0.49,-0.24,-0.24,-0.24
EXP1-23BF3A6C8851489AAC138EC95C29279D,styletts2,Reference or style conditioning,sad,0.18,0.16499999999999998,0.1725,0.18,0.18,0.18,0.0,0.015000000000000013,0.007500000000000007,3,2,1,4.0,-0.24,-0.27,-0.24,-0.24
EXP1-23BF3A6C8851489AAC138EC95C29279D,sapi5xml,Explicit prosody markup,sad,0.18,0.08000000000000002,0.13,0.425,0.185,0.305,0.245,0.10499999999999998,0.175,2,3,-1,4.5,-0.24,-0.76,0.25,-0.23
EXP1-23BF3A6C8851489AAC138EC95C29279D,pyttsx3,Explicit prosody markup,upset,0.175,0.03999999999999998,0.10749999999999998,0.305,0.175,0.24,0.13,0.135,0.1325,2,2,0,4.0,-0.25,0.52,0.01,0.25
EXP1-23BF3A6C8851489AAC138EC95C29279D,espeak,Explicit prosody markup,upset,0.175,0.175,0.175,0.18,0.175,0.1775,0.0050000000000000044,0.0,0.0025000000000000022,1,1,0,4.5,-0.25,0.25,-0.24,0.25
EXP1-23BF3A6C8851489AAC138EC95C29279D,chatterbox,Reference or style conditioning,upset,0.425,0.044999999999999984,0.235,0.415,0.185,0.3,-0.010000000000000009,0.14,0.065,3,3,0,3.0,0.25,0.51,0.23,0.23
EXP1-23BF3A6C8851489AAC138EC95C29279D,parlertts,Natural-language delivery instruction,sad,0.435,0.18,0.3075,0.425,0.43,0.4275,-0.010000000000000009,0.25,0.12,3,3,0,2.5,0.27,-0.24,0.25,0.26
EXP1-23BF3A6C8851489AAC138EC95C29279D,cosyvoice2,Natural-language delivery instruction,sad,0.41,0.175,0.2925,0.425,0.18,0.3025,0.015000000000000013,0.0050000000000000044,0.010000000000000009,2,2,0,2.5,0.22,-0.25,0.25,-0.24
EXP1-23BF3A6C8851489AAC138EC95C29279D,zipvoice,Reference or style conditioning,happy,0.425,0.425,0.425,0.16499999999999998,0.425,0.295,-0.26,0.0,-0.13,2,3,-1,3.5,-0.25,-0.25,0.27,-0.25
EXP1-23BF3A6C8851489AAC138EC95C29279D,zipvoice,Reference or style conditioning,calm,0.435,0.175,0.305,0.16499999999999998,0.175,0.16999999999999998,-0.27,0.0,-0.135,2,3,-1,3.5,-0.27,-0.25,0.27,-0.25
EXP1-23BF3A6C8851489AAC138EC95C29279D,styletts2,Reference or style conditioning,upset,0.435,0.185,0.31,0.18,0.42,0.3,-0.255,0.235,-0.010000000000000009,3,2,1,2.5,0.27,0.23,-0.24,-0.24
EXP1-23BF3A6C8851489AAC138EC95C29279D,kokoro,"Native rate, external pitch and level",happy,0.16999999999999998,0.044999999999999984,0.10749999999999998,0.42,0.19,0.305,0.25,0.14500000000000002,0.1975,4,3,1,4.0,0.26,0.51,-0.24,0.22
EXP1-23BF3A6C8851489AAC138EC95C29279D,parlertts,Natural-language delivery instruction,upset,0.43,0.175,0.3025,0.425,0.16999999999999998,0.2975,-0.0050000000000000044,-0.0050000000000000044,-0.0050000000000000044,2,3,-1,2.0,0.26,0.25,0.25,0.26
EXP1-23BF3A6C8851489AAC138EC95C29279D,kokoro,"Native rate, external pitch and level",calm,0.175,0.18,0.1775,0.42,0.41,0.415,0.245,0.22999999999999998,0.2375,3,3,0,4.0,0.25,-0.24,-0.24,0.22
EXP1-23BF3A6C8851489AAC138EC95C29279D,zipvoice,Reference or style conditioning,upset,0.185,0.675,0.43000000000000005,0.435,0.425,0.43,0.25,-0.25000000000000006,-5.551115123125783e-17,2,3,-1,1.5,-0.23,-0.75,0.27,-0.25
EXP1-23BF3A6C8851489AAC138EC95C29279D,sapi5xml,Explicit prosody markup,happy,0.5449999999999999,0.07,0.3075,0.175,0.415,0.295,-0.36999999999999994,0.345,-0.012500000000000011,1,3,-2,2.5,-0.49,0.74,0.25,-0.23
EXP1-23BF3A6C8851489AAC138EC95C29279D,pyttsx3,Explicit prosody markup,happy,0.6699999999999999,0.08000000000000002,0.375,0.295,0.175,0.235,-0.37499999999999994,0.09499999999999997,-0.14,2,2,0,2.0,-0.74,0.76,0.01,0.25
EXP1-23BF3A6C8851489AAC138EC95C29279D,sapi5xml,Explicit prosody markup,upset,0.42,0.16999999999999998,0.295,0.425,0.415,0.42,0.0050000000000000044,0.245,0.125,2,3,-1,3.0,0.24,0.26,0.25,-0.23
EXP1-23BF3A6C8851489AAC138EC95C29279D,kokoro,"Native rate, external pitch and level",upset,0.305,0.185,0.245,0.18,0.19,0.185,-0.125,0.0050000000000000044,-0.06,2,3,-1,3.5,0.01,0.23,-0.24,0.22
EXP1-23BF3A6C8851489AAC138EC95C29279D,espeak,Explicit prosody markup,calm,0.42,0.425,0.4225,0.42,0.425,0.4225,0.0,0.0,0.0,1,1,0,2.0,-0.24,0.25,-0.24,0.25
EXP1-23BF3A6C8851489AAC138EC95C29279D,chatterbox,Reference or style conditioning,happy,0.18,0.16999999999999998,0.175,0.185,0.185,0.185,0.0050000000000000044,0.015000000000000013,0.010000000000000009,2,3,-1,4.0,0.24,0.26,0.23,0.23
EXP1-23BF3A6C8851489AAC138EC95C29279D,parlertts,Natural-language delivery instruction,calm,0.18,0.43,0.305,0.175,0.43,0.3025,-0.0050000000000000044,0.0,-0.0025000000000000022,3,3,0,2.5,0.24,0.26,0.25,0.26
EXP1-23BF3A6C8851489AAC138EC95C29279D,cosyvoice2,Natural-language delivery instruction,calm,0.175,0.415,0.295,0.175,0.18,0.1775,0.0,-0.235,-0.1175,4,2,2,3.5,0.25,0.23,0.25,-0.24
EXP1-23BF3A6C8851489AAC138EC95C29279D,pyttsx3,Explicit prosody markup,calm,0.175,0.425,0.3,0.295,0.425,0.36,0.12,0.0,0.06,3,2,1,3.5,0.25,0.25,0.01,0.25
EXP1-23BF3A6C8851489AAC138EC95C29279D,chatterbox,Reference or style conditioning,sad,0.42,0.16999999999999998,0.295,0.415,0.415,0.415,-0.0050000000000000044,0.245,0.12,4,3,1,2.5,0.24,-0.26,0.23,0.23
EXP1-23BF3A6C8851489AAC138EC95C29279D,zipvoice,Reference or style conditioning,sad,0.175,0.18,0.1775,0.435,0.175,0.305,0.26,-0.0050000000000000044,0.1275,3,3,0,4.0,-0.25,-0.24,0.27,-0.25
EXP1-23BF3A6C8851489AAC138EC95C29279D,espeak,Explicit prosody markup,happy,0.55,0.175,0.36250000000000004,0.42,0.175,0.2975,-0.13000000000000006,0.0,-0.06500000000000006,1,1,0,2.5,-0.5,0.25,-0.24,0.25
EXP1-23BF3A6C8851489AAC138EC95C29279D,espeak,Explicit prosody markup,sad,0.425,0.185,0.305,0.18,0.425,0.3025,-0.245,0.24,-0.0025000000000000022,1,1,0,3.0,0.25,-0.23,-0.24,0.25
EXP1-23BF3A6C8851489AAC138EC95C29279D,styletts2,Reference or style conditioning,happy,0.16999999999999998,0.175,0.1725,0.42,0.42,0.42,0.25,0.245,0.2475,3,2,1,3.5,0.26,0.25,-0.24,-0.24
EXP1-23BF3A6C8851489AAC138EC95C29279D,parlertts,Natural-language delivery instruction,happy,0.42,0.18,0.3,0.175,0.16999999999999998,0.1725,-0.245,-0.010000000000000009,-0.1275,2,3,-1,3.0,-0.24,0.24,0.25,0.26
EXP1-23BF3A6C8851489AAC138EC95C29279D,kokoro,"Native rate, external pitch and level",sad,0.42,0.16999999999999998,0.295,0.18,0.41,0.295,-0.24,0.24,0.0,2,3,-1,3.0,0.24,-0.26,-0.24,0.22
EXP1-23BF3A6C8851489AAC138EC95C29279D,cosyvoice2,Natural-language delivery instruction,happy,0.16999999999999998,0.43,0.3,0.175,0.42,0.2975,0.0050000000000000044,-0.010000000000000009,-0.0025000000000000022,3,2,1,3.0,0.26,-0.26,0.25,-0.24
EXP1-23BF3A6C8851489AAC138EC95C29279D,cosyvoice2,Natural-language delivery instruction,upset,0.425,0.42,0.4225,0.425,0.42,0.4225,0.0,0.0,0.0,3,2,1,2.0,0.25,-0.24,0.25,-0.24
EXP1-468167B420234222B5F5829EEA7A71C5,pyttsx3,Explicit prosody markup,sad,0.044999999999999984,0.07,0.057499999999999996,0.095,0.03500000000000003,0.06500000000000002,0.05000000000000002,-0.034999999999999976,0.0075000000000000205,2,2,0,4.0,-0.51,-0.74,-0.41,-0.67
EXP1-468167B420234222B5F5829EEA7A71C5,zipvoice,Reference or style conditioning,sad,0.345,0.04999999999999999,0.19749999999999998,0.375,0.21499999999999997,0.295,0.030000000000000027,0.16499999999999998,0.0975,2,3,-1,3.5,0.09,-0.5,0.15,-0.17
EXP1-468167B420234222B5F5829EEA7A71C5,styletts2,Reference or style conditioning,calm,0.385,0.33499999999999996,0.36,0.07999999999999999,0.515,0.2975,-0.30500000000000005,0.18000000000000005,-0.0625,3,4,-1,3.5,-0.17,0.07,0.44,0.43
EXP1-468167B420234222B5F5829EEA7A71C5,espeak,Explicit prosody markup,sad,0.12,0.12,0.12,0.07500000000000001,0.07500000000000001,0.07500000000000001,-0.044999999999999984,-0.044999999999999984,-0.044999999999999984,1,1,0,5.0,-0.36,-0.84,-0.75,-0.75
EXP1-468167B420234222B5F5829EEA7A71C5,cosyvoice2,Natural-language delivery instruction,calm,0.25,0.40499999999999997,0.3275,0.37,0.09999999999999998,0.235,0.12,-0.305,-0.09250000000000003,3,2,1,4.0,0.1,0.21,-0.14,-0.4
EXP1-468167B420234222B5F5829EEA7A71C5,pyttsx3,Explicit prosody markup,calm,0.46499999999999997,0.040000000000000036,0.2525,0.505,0.03500000000000003,0.27,0.040000000000000036,-0.0050000000000000044,0.017500000000000016,1,2,-1,1.5,-0.33,-0.68,-0.41,-0.67
EXP1-468167B420234222B5F5829EEA7A71C5,kokoro,"Native rate, external pitch and level",calm,0.18,0.22499999999999998,0.20249999999999999,0.22499999999999998,0.33999999999999997,0.2825,0.044999999999999984,0.11499999999999999,0.07999999999999999,2,2,0,4.5,0.24,-0.15,0.15,0.08
EXP1-468167B420234222B5F5829EEA7A71C5,espeak,Explicit prosody markup,upset,0.2,0.8,0.5,0.07500000000000001,0.675,0.375,-0.125,-0.125,-0.125,1,1,0,2.0,-1.0,-1.0,-0.75,-0.75
EXP1-468167B420234222B5F5829EEA7A71C5,chatterbox,Reference or style conditioning,sad,0.385,0.325,0.355,0.35,0.345,0.3475,-0.03500000000000003,0.019999999999999962,-0.007500000000000007,3,4,-1,2.0,0.17,0.05,0.1,0.09
EXP1-468167B420234222B5F5829EEA7A71C5,espeak,Explicit prosody markup,happy,0.615,0.8,0.7075,0.675,0.675,0.675,0.06000000000000005,-0.125,-0.03249999999999997,1,1,0,1.0,-0.63,-1.0,-0.75,-0.75
EXP1-468167B420234222B5F5829EEA7A71C5,chatterbox,Reference or style conditioning,upset,0.365,0.21499999999999997,0.29,0.35,0.255,0.3025,-0.015000000000000013,0.040000000000000036,0.012500000000000011,3,4,-1,1.5,0.13,0.17,0.1,0.09
EXP1-468167B420234222B5F5829EEA7A71C5,cosyvoice2,Natural-language delivery instruction,sad,0.125,0.10499999999999998,0.11499999999999999,0.22999999999999998,0.09999999999999998,0.16499999999999998,0.10499999999999998,-0.0050000000000000044,0.04999999999999999,2,2,0,3.5,-0.35,-0.39,-0.14,-0.4
EXP1-468167B420234222B5F5829EEA7A71C5,parlertts,Natural-language delivery instruction,calm,0.27,0.32,0.29500000000000004,0.12,0.36,0.24,-0.15000000000000002,0.03999999999999998,-0.05500000000000005,3,3,0,2.0,0.06,0.04,0.36,0.12
EXP1-468167B420234222B5F5829EEA7A71C5,styletts2,Reference or style conditioning,happy,0.175,0.255,0.215,0.07999999999999999,0.08499999999999999,0.08249999999999999,-0.095,-0.17,-0.1325,4,4,0,3.5,0.25,0.09,0.44,0.43
EXP1-468167B420234222B5F5829EEA7A71C5,espeak,Explicit prosody markup,calm,0.715,0.125,0.42,0.675,0.07500000000000001,0.375,-0.039999999999999925,-0.04999999999999999,-0.044999999999999984,1,1,0,1.0,-0.83,-0.85,-0.75,-0.75
EXP1-468167B420234222B5F5829EEA7A71C5,styletts2,Reference or style conditioning,sad,0.59,0.595,0.5925,0.52,0.515,0.5175000000000001,-0.06999999999999995,-0.07999999999999996,-0.07499999999999996,4,4,0,1.0,0.58,0.59,0.44,0.43
EXP1-468167B420234222B5F5829EEA7A71C5,parlertts,Natural-language delivery instruction,happy,0.11499999999999999,0.135,0.125,0.12,0.24,0.18,0.0050000000000000044,0.10499999999999998,0.05499999999999999,5,3,2,4.5,0.83,0.87,0.36,0.12
EXP1-468167B420234222B5F5829EEA7A71C5,styletts2,Reference or style conditioning,upset,0.565,0.04999999999999999,0.3075,0.52,0.08499999999999999,0.3025,-0.04499999999999993,0.035,-0.0050000000000000044,4,4,0,1.0,0.53,0.7,0.44,0.43
EXP1-468167B420234222B5F5829EEA7A71C5,parlertts,Natural-language delivery instruction,sad,0.45999999999999996,0.41,0.43499999999999994,0.48,0.36,0.42,0.020000000000000018,-0.04999999999999999,-0.014999999999999958,3,3,0,1.5,0.32,0.22,0.36,0.12
EXP1-468167B420234222B5F5829EEA7A71C5,kokoro,"Native rate, external pitch and level",upset,0.5,0.27,0.385,0.375,0.26,0.3175,-0.125,-0.010000000000000009,-0.0675,3,2,1,1.0,0.4,0.06,0.15,0.08
EXP1-468167B420234222B5F5829EEA7A71C5,sapi5xml,Explicit prosody markup,upset,0.205,0.715,0.45999999999999996,0.040000000000000036,0.725,0.3825,-0.16499999999999995,0.010000000000000009,-0.07749999999999996,1,1,0,4.0,-0.19,-0.83,-0.68,-0.85
EXP1-468167B420234222B5F5829EEA7A71C5,zipvoice,Reference or style conditioning,calm,0.29,0.21999999999999997,0.255,0.22499999999999998,0.21499999999999997,0.21999999999999997,-0.065,-0.0050000000000000044,-0.03500000000000003,2,3,-1,2.5,0.02,-0.16,0.15,-0.17
EXP1-468167B420234222B5F5829EEA7A71C5,kokoro,"Native rate, external pitch and level",sad,0.505,0.21,0.3575,0.375,0.33999999999999997,0.3575,-0.13,0.12999999999999998,0.0,2,2,0,3.5,0.41,-0.18,0.15,0.08
EXP1-468167B420234222B5F5829EEA7A71C5,pyttsx3,Explicit prosody markup,happy,0.495,0.145,0.32,0.505,0.635,0.5700000000000001,0.010000000000000009,0.49,0.25000000000000006,1,2,-1,1.5,-0.39,0.31,-0.41,-0.67
EXP1-468167B420234222B5F5829EEA7A71C5,parlertts,Natural-language delivery instruction,upset,0.46499999999999997,0.15,0.3075,0.48,0.24,0.36,0.015000000000000013,0.09,0.05249999999999999,4,3,1,1.5,0.33,0.3,0.36,0.12
EXP1-468167B420234222B5F5829EEA7A71C5,zipvoice,Reference or style conditioning,happy,0.07999999999999999,0.52,0.3,0.22499999999999998,0.385,0.305,0.145,-0.135,0.0050000000000000044,2,3,-1,2.0,0.44,-0.44,0.15,-0.17
EXP1-468167B420234222B5F5829EEA7A71C5,cosyvoice2,Natural-language delivery instruction,happy,0.10999999999999999,0.04999999999999999,0.07999999999999999,0.37,0.5,0.435,0.26,0.45,0.355,4,2,2,4.0,0.38,0.7,-0.14,-0.4
EXP1-468167B420234222B5F5829EEA7A71C5,sapi5xml,Explicit prosody markup,happy,0.485,0.125,0.305,0.64,0.725,0.6825,0.15500000000000003,0.6,0.3775,1,1,0,1.5,-0.37,0.35,-0.68,-0.85
EXP1-468167B420234222B5F5829EEA7A71C5,cosyvoice2,Natural-language delivery instruction,upset,0.13999999999999999,0.385,0.2625,0.22999999999999998,0.5,0.365,0.09,0.11499999999999999,0.10249999999999998,2,2,0,2.5,-0.32,-0.17,-0.14,-0.4
EXP1-468167B420234222B5F5829EEA7A71C5,zipvoice,Reference or style conditioning,upset,0.255,0.475,0.365,0.375,0.385,0.38,0.12,-0.08999999999999997,0.015000000000000013,2,3,-1,2.0,-0.09,-0.35,0.15,-0.17
EXP1-468167B420234222B5F5829EEA7A71C5,kokoro,"Native rate, external pitch and level",happy,0.0,0.025000000000000022,0.012500000000000011,0.22499999999999998,0.26,0.2425,0.22499999999999998,0.235,0.22999999999999998,3,2,1,3.5,0.6,0.65,0.15,0.08
EXP1-468167B420234222B5F5829EEA7A71C5,sapi5xml,Explicit prosody markup,sad,0.015000000000000013,0.125,0.07,0.040000000000000036,0.125,0.08250000000000002,0.025000000000000022,0.0,0.012500000000000011,1,1,0,4.5,-0.63,-0.35,-0.68,-0.85
EXP1-468167B420234222B5F5829EEA7A71C5,pyttsx3,Explicit prosody markup,upset,0.09,0.015000000000000013,0.052500000000000005,0.095,0.635,0.365,0.0050000000000000044,0.62,0.3125,2,2,0,5.0,-0.42,0.63,-0.41,-0.67
EXP1-468167B420234222B5F5829EEA7A71C5,sapi5xml,Explicit prosody markup,calm,0.635,0.0050000000000000044,0.32,0.64,0.125,0.3825,0.0050000000000000044,0.12,0.0625,2,1,1,2.5,-0.67,-0.61,-0.68,-0.85
EXP1-468167B420234222B5F5829EEA7A71C5,chatterbox,Reference or style conditioning,happy,0.16500000000000004,0.16000000000000003,0.16250000000000003,0.25,0.255,0.2525,0.08499999999999996,0.09499999999999997,0.08999999999999997,4,4,0,4.5,0.93,0.92,0.1,0.09
EXP1-468167B420234222B5F5829EEA7A71C5,chatterbox,Reference or style conditioning,calm,0.375,0.12999999999999998,0.2525,0.25,0.345,0.2975,-0.125,0.215,0.044999999999999984,4,4,0,2.5,-0.15,-0.34,0.1,0.09
EXP1-7315250E0FA242708578A84EC71F2B94,pyttsx3,Explicit prosody markup,sad,0.245,0.40499999999999997,0.32499999999999996,0.175,0.185,0.18,-0.07,-0.21999999999999997,-0.14499999999999996,1,1,0,1.5,-0.11,0.21,-0.25,-0.23
EXP1-7315250E0FA242708578A84EC71F2B94,pyttsx3,Explicit prosody markup,calm,0.3,0.48,0.39,0.425,0.185,0.305,0.125,-0.295,-0.08500000000000002,2,1,1,2.0,0.0,0.36,-0.25,-0.23
EXP1-7315250E0FA242708578A84EC71F2B94,cosyvoice2,Natural-language delivery instruction,happy,0.22499999999999998,0.11499999999999999,0.16999999999999998,0.26,0.40499999999999997,0.3325,0.03500000000000003,0.29,0.16250000000000003,4,2,2,3.0,0.15,0.37,0.08,-0.21
EXP1-7315250E0FA242708578A84EC71F2B94,pyttsx3,Explicit prosody markup,happy,0.3,0.2,0.25,0.425,0.415,0.42,0.125,0.21499999999999997,0.16999999999999998,1,1,0,2.0,0.0,1.0,-0.25,-0.23
EXP1-7315250E0FA242708578A84EC71F2B94,pyttsx3,Explicit prosody markup,upset,0.3,0.030000000000000027,0.165,0.175,0.415,0.295,-0.125,0.38499999999999995,0.12999999999999998,1,1,0,1.5,0.0,0.66,-0.25,-0.23
EXP1-7315250E0FA242708578A84EC71F2B94,espeak,Explicit prosody markup,happy,0.40499999999999997,0.47,0.4375,0.49,0.12,0.305,0.08500000000000002,-0.35,-0.1325,1,1,0,1.5,-0.21,-0.34,-0.38,0.36
EXP1-7315250E0FA242708578A84EC71F2B94,sapi5xml,Explicit prosody markup,calm,0.49,0.145,0.3175,0.435,0.53,0.48250000000000004,-0.05499999999999999,0.385,0.16500000000000004,2,3,-1,2.5,-0.38,-0.31,-0.27,0.46
EXP1-7315250E0FA242708578A84EC71F2B94,sapi5xml,Explicit prosody markup,upset,0.19999999999999998,0.40499999999999997,0.3025,0.16499999999999998,0.06999999999999998,0.11749999999999998,-0.035,-0.33499999999999996,-0.185,2,3,-1,2.5,-0.2,-0.21,-0.27,0.46
EXP1-7315250E0FA242708578A84EC71F2B94,sapi5xml,Explicit prosody markup,sad,0.25,0.07999999999999999,0.16499999999999998,0.16499999999999998,0.53,0.34750000000000003,-0.08500000000000002,0.45000000000000007,0.18250000000000005,2,3,-1,3.5,-0.1,-0.44,-0.27,0.46
EXP1-7315250E0FA242708578A84EC71F2B94,kokoro,"Native rate, external pitch and level",happy,0.0050000000000000044,0.010000000000000009,0.007500000000000007,0.07999999999999999,0.10999999999999999,0.09499999999999999,0.07499999999999998,0.09999999999999998,0.08749999999999998,4,3,1,4.0,0.59,0.58,0.44,0.38
EXP1-7315250E0FA242708578A84EC71F2B94,espeak,Explicit prosody markup,sad,0.3,0.22499999999999998,0.26249999999999996,0.10999999999999999,0.48,0.295,-0.19,0.255,0.03250000000000003,1,1,0,2.0,0.0,-0.15,-0.38,0.36
EXP1-7315250E0FA242708578A84EC71F2B94,zipvoice,Reference or style conditioning,upset,0.25,0.5549999999999999,0.40249999999999997,0.5700000000000001,0.019999999999999962,0.29500000000000004,0.32000000000000006,-0.5349999999999999,-0.10749999999999993,3,4,-1,2.5,-0.1,-0.51,0.54,0.56
EXP1-7315250E0FA242708578A84EC71F2B94,sapi5xml,Explicit prosody markup,happy,0.27499999999999997,0.2,0.2375,0.435,0.06999999999999998,0.2525,0.16000000000000003,-0.13000000000000003,0.015000000000000013,1,3,-2,3.0,0.05,1.0,-0.27,0.46
EXP1-7315250E0FA242708578A84EC71F2B94,parlertts,Natural-language delivery instruction,calm,0.09999999999999998,0.55,0.325,0.49,0.19999999999999998,0.345,0.39,-0.3500000000000001,0.019999999999999962,4,4,0,3.5,0.4,0.5,-0.38,-0.2
EXP1-7315250E0FA242708578A84EC71F2B94,chatterbox,Reference or style conditioning,happy,0.15500000000000003,0.12999999999999998,0.14250000000000002,0.185,0.07999999999999999,0.1325,0.02999999999999997,-0.04999999999999999,-0.010000000000000009,3,4,-1,3.5,0.91,0.34,0.23,0.44
EXP1-7315250E0FA242708578A84EC71F2B94,cosyvoice2,Natural-language delivery instruction,calm,0.235,0.345,0.29,0.26,0.195,0.2275,0.025000000000000022,-0.14999999999999997,-0.06249999999999997,4,2,2,2.0,0.13,0.09,0.08,-0.21
EXP1-7315250E0FA242708578A84EC71F2B94,kokoro,"Native rate, external pitch and level",upset,0.42,0.205,0.3125,0.52,0.10999999999999999,0.315,0.10000000000000003,-0.095,0.0025000000000000022,4,3,1,2.0,0.24,0.19,0.44,0.38
EXP1-7315250E0FA242708578A84EC71F2B94,cosyvoice2,Natural-language delivery instruction,sad,0.10999999999999999,0.18,0.145,0.33999999999999997,0.195,0.26749999999999996,0.22999999999999998,0.015000000000000013,0.12249999999999997,2,2,0,3.5,-0.38,-0.24,0.08,-0.21
EXP1-7315250E0FA242708578A84EC71F2B94,kokoro,"Native rate, external pitch and level",calm,0.155,0.4,0.2775,0.07999999999999999,0.49,0.285,-0.07500000000000001,0.08999999999999997,0.007499999999999951,4,3,1,3.5,0.29,0.2,0.44,0.38
EXP1-7315250E0FA242708578A84EC71F2B94,parlertts,Natural-language delivery instruction,happy,0.07999999999999999,0.095,0.0875,0.49,0.4,0.445,0.41000000000000003,0.30500000000000005,0.35750000000000004,3,4,-1,3.5,0.44,0.41,-0.38,-0.2
EXP1-7315250E0FA242708578A84EC71F2B94,parlertts,Natural-language delivery instruction,sad,0.205,0.22999999999999998,0.21749999999999997,0.10999999999999999,0.19999999999999998,0.15499999999999997,-0.095,-0.03,-0.0625,4,4,0,4.0,-0.19,-0.14,-0.38,-0.2
EXP1-7315250E0FA242708578A84EC71F2B94,cosyvoice2,Natural-language delivery instruction,upset,0.235,0.205,0.21999999999999997,0.33999999999999997,0.40499999999999997,0.37249999999999994,0.10499999999999998,0.19999999999999998,0.15249999999999997,4,2,2,3.0,-0.13,0.19,0.08,-0.21
EXP1-7315250E0FA242708578A84EC71F2B94,kokoro,"Native rate, external pitch and level",sad,0.255,0.33999999999999997,0.2975,0.52,0.49,0.505,0.265,0.15000000000000002,0.20750000000000002,4,3,1,2.5,-0.09,0.08,0.44,0.38
EXP1-7315250E0FA242708578A84EC71F2B94,espeak,Explicit prosody markup,upset,0.22999999999999998,0.19999999999999998,0.21499999999999997,0.10999999999999999,0.12,0.11499999999999999,-0.12,-0.07999999999999999,-0.09999999999999998,1,1,0,2.0,-0.14,0.2,-0.38,0.36
EXP1-7315250E0FA242708578A84EC71F2B94,parlertts,Natural-language delivery instruction,upset,0.3,0.22499999999999998,0.26249999999999996,0.10999999999999999,0.4,0.255,-0.19,0.17500000000000004,-0.007499999999999951,4,4,0,2.0,0.0,0.15,-0.38,-0.2
EXP1-7315250E0FA242708578A84EC71F2B94,styletts2,Reference or style conditioning,calm,0.475,0.21499999999999997,0.345,0.25,0.42,0.33499999999999996,-0.22499999999999998,0.20500000000000002,-0.010000000000000009,4,4,0,3.0,-0.35,-0.17,0.1,0.24
EXP1-7315250E0FA242708578A84EC71F2B94,styletts2,Reference or style conditioning,upset,0.39,0.155,0.2725,0.35,0.18,0.265,-0.040000000000000036,0.024999999999999994,-0.007500000000000007,4,4,0,1.5,0.18,0.29,0.1,0.24
EXP1-7315250E0FA242708578A84EC71F2B94,espeak,Explicit prosody markup,calm,0.5449999999999999,0.16999999999999998,0.35749999999999993,0.49,0.48,0.485,-0.05499999999999994,0.31,0.12750000000000006,1,1,0,1.0,-0.49,-0.26,-0.38,0.36
EXP1-7315250E0FA242708578A84EC71F2B94,chatterbox,Reference or style conditioning,calm,0.33999999999999997,0.305,0.3225,0.185,0.52,0.35250000000000004,-0.15499999999999997,0.21500000000000002,0.030000000000000027,4,4,0,2.5,-0.08,0.01,0.23,0.44
EXP1-7315250E0FA242708578A84EC71F2B94,chatterbox,Reference or style conditioning,sad,0.33999999999999997,0.365,0.3525,0.415,0.52,0.4675,0.07500000000000001,0.15500000000000003,0.11500000000000005,4,4,0,2.0,0.08,0.13,0.23,0.44
EXP1-7315250E0FA242708578A84EC71F2B94,zipvoice,Reference or style conditioning,calm,0.355,0.365,0.36,0.02999999999999997,0.5800000000000001,0.30500000000000005,-0.325,0.21500000000000008,-0.05499999999999994,4,4,0,2.5,-0.11,0.13,0.54,0.56
EXP1-7315250E0FA242708578A84EC71F2B94,styletts2,Reference or style conditioning,happy,0.145,0.185,0.16499999999999998,0.25,0.18,0.215,0.10500000000000001,-0.0050000000000000044,0.05000000000000002,4,4,0,4.0,0.31,0.23,0.1,0.24
EXP1-7315250E0FA242708578A84EC71F2B94,chatterbox,Reference or style conditioning,upset,0.15,0.04999999999999999,0.09999999999999999,0.415,0.07999999999999999,0.2475,0.265,0.03,0.14750000000000002,3,4,-1,4.0,-0.3,0.5,0.23,0.44
EXP1-7315250E0FA242708578A84EC71F2B94,styletts2,Reference or style conditioning,sad,0.044999999999999984,0.5800000000000001,0.3125,0.35,0.42,0.385,0.305,-0.1600000000000001,0.07250000000000001,4,4,0,2.5,-0.51,0.56,0.1,0.24
EXP1-7315250E0FA242708578A84EC71F2B94,zipvoice,Reference or style conditioning,sad,0.22999999999999998,0.0,0.11499999999999999,0.5700000000000001,0.5800000000000001,0.5750000000000001,0.3400000000000001,0.5800000000000001,0.4600000000000001,3,4,-1,4.0,-0.14,-0.6,0.54,0.56
EXP1-7315250E0FA242708578A84EC71F2B94,zipvoice,Reference or style conditioning,happy,0.020000000000000018,0.45499999999999996,0.2375,0.02999999999999997,0.019999999999999962,0.024999999999999967,0.009999999999999953,-0.435,-0.21250000000000002,4,4,0,3.5,0.64,-0.31,0.54,0.56
EXP1-847367D338F34A79B78E5D46AB3972C4,zipvoice,Reference or style conditioning,upset,0.35,0.8,0.575,0.5449999999999999,0.6499999999999999,0.5974999999999999,0.19499999999999995,-0.15000000000000013,0.022499999999999964,2,3,-1,1.0,0.1,-1.0,0.49,-0.7
EXP1-847367D338F34A79B78E5D46AB3972C4,styletts2,Reference or style conditioning,happy,0.13499999999999998,0.09000000000000002,0.1125,0.585,0.05499999999999999,0.31999999999999995,0.44999999999999996,-0.03500000000000003,0.20749999999999996,2,4,-2,3.0,0.33,0.78,-0.57,0.49
EXP1-847367D338F34A79B78E5D46AB3972C4,cosyvoice2,Natural-language delivery instruction,calm,0.010000000000000009,0.03999999999999998,0.024999999999999994,0.05499999999999999,0.2,0.1275,0.044999999999999984,0.16000000000000003,0.10250000000000001,4,2,2,4.5,0.62,-0.52,0.49,-1.0
EXP1-847367D338F34A79B78E5D46AB3972C4,parlertts,Natural-language delivery instruction,upset,0.675,0.0050000000000000044,0.34,0.18,0.8,0.49,-0.49500000000000005,0.795,0.14999999999999997,4,4,0,2.0,0.75,0.59,-0.96,-1.0
EXP1-847367D338F34A79B78E5D46AB3972C4,chatterbox,Reference or style conditioning,calm,0.71,0.15500000000000003,0.4325,0.6,0.8,0.7,-0.10999999999999999,0.645,0.26749999999999996,4,4,0,2.5,-0.82,-0.91,-0.6,1.0
EXP1-847367D338F34A79B78E5D46AB3972C4,cosyvoice2,Natural-language delivery instruction,happy,0.030000000000000027,0.040000000000000036,0.03500000000000003,0.05499999999999999,0.8,0.4275,0.024999999999999967,0.76,0.39249999999999996,4,2,2,4.5,0.66,0.68,0.49,-1.0
EXP1-847367D338F34A79B78E5D46AB3972C4,pyttsx3,Explicit prosody markup,sad,0.06,0.61,0.33499999999999996,0.019999999999999962,0.5800000000000001,0.30000000000000004,-0.040000000000000036,-0.029999999999999916,-0.03499999999999992,1,1,0,2.5,-0.72,0.62,-0.56,0.56
EXP1-847367D338F34A79B78E5D46AB3972C4,parlertts,Natural-language delivery instruction,sad,0.06,0.625,0.3425,0.18,0.2,0.19,0.12,-0.425,-0.15250000000000002,4,4,0,2.5,-0.48,0.65,-0.96,-1.0
EXP1-847367D338F34A79B78E5D46AB3972C4,espeak,Explicit prosody markup,happy,0.08000000000000002,0.2,0.14,0.505,0.2,0.35250000000000004,0.425,0.0,0.21250000000000002,1,1,0,5.0,0.76,1.0,-0.41,1.0
EXP1-847367D338F34A79B78E5D46AB3972C4,parlertts,Natural-language delivery instruction,happy,0.2,0.2,0.2,0.78,0.8,0.79,0.5800000000000001,0.6000000000000001,0.5900000000000001,4,4,0,5.0,1.0,1.0,-0.96,-1.0
EXP1-847367D338F34A79B78E5D46AB3972C4,kokoro,"Native rate, external pitch and level",upset,0.5549999999999999,0.245,0.39999999999999997,0.655,0.5449999999999999,0.6,0.10000000000000009,0.29999999999999993,0.2,4,4,0,1.0,0.51,0.11,0.71,-0.49
EXP1-847367D338F34A79B78E5D46AB3972C4,kokoro,"Native rate, external pitch and level",happy,0.03999999999999998,0.03999999999999998,0.03999999999999998,0.05499999999999999,0.5449999999999999,0.29999999999999993,0.015000000000000013,0.5049999999999999,0.25999999999999995,3,4,-1,5.0,0.52,0.52,0.71,-0.49
EXP1-847367D338F34A79B78E5D46AB3972C4,chatterbox,Reference or style conditioning,upset,0.2,0.2,0.2,0.0,0.2,0.1,-0.2,0.0,-0.1,5,4,1,5.0,-1.0,1.0,-0.6,1.0
EXP1-847367D338F34A79B78E5D46AB3972C4,pyttsx3,Explicit prosody markup,calm,0.07499999999999998,0.06,0.06749999999999999,0.5800000000000001,0.5800000000000001,0.5800000000000001,0.5050000000000001,0.52,0.5125000000000001,1,1,0,4.5,0.45,-0.72,-0.56,0.56
EXP1-847367D338F34A79B78E5D46AB3972C4,sapi5xml,Explicit prosody markup,happy,0.0050000000000000044,0.05499999999999999,0.03,0.024999999999999967,0.8,0.4125,0.019999999999999962,0.7450000000000001,0.38249999999999995,1,1,0,5.0,0.59,0.49,0.55,-1.0
EXP1-847367D338F34A79B78E5D46AB3972C4,sapi5xml,Explicit prosody markup,calm,0.53,0.2,0.365,0.024999999999999967,0.2,0.11249999999999999,-0.5050000000000001,0.0,-0.2525,1,1,0,2.5,-0.46,-1.0,0.55,-1.0
EXP1-847367D338F34A79B78E5D46AB3972C4,espeak,Explicit prosody markup,upset,0.15999999999999998,0.2,0.18,0.095,0.2,0.14750000000000002,-0.06499999999999997,0.0,-0.03249999999999997,1,1,0,3.5,-0.28,1.0,-0.41,1.0
EXP1-847367D338F34A79B78E5D46AB3972C4,espeak,Explicit prosody markup,sad,0.8,0.2,0.5,0.095,0.8,0.4475,-0.7050000000000001,0.6000000000000001,-0.05249999999999999,1,1,0,2.5,1.0,-1.0,-0.41,1.0
EXP1-847367D338F34A79B78E5D46AB3972C4,parlertts,Natural-language delivery instruction,calm,0.08499999999999999,0.05499999999999999,0.06999999999999999,0.78,0.2,0.49,0.6950000000000001,0.14500000000000002,0.42,4,4,0,4.5,0.43,-0.71,-0.96,-1.0
EXP1-847367D338F34A79B78E5D46AB3972C4,cosyvoice2,Natural-language delivery instruction,sad,0.2,0.2,0.2,0.5449999999999999,0.2,0.37249999999999994,0.3449999999999999,0.0,0.17249999999999993,4,2,2,5.0,-1.0,-1.0,0.49,-1.0
EXP1-847367D338F34A79B78E5D46AB3972C4,sapi5xml,Explicit prosody markup,sad,0.09500000000000003,0.2,0.14750000000000002,0.575,0.2,0.38749999999999996,0.4799999999999999,0.0,0.23999999999999994,1,1,0,5.0,-0.79,-1.0,0.55,-1.0
EXP1-847367D338F34A79B78E5D46AB3972C4,chatterbox,Reference or style conditioning,happy,0.2,0.2,0.2,0.6,0.2,0.4,0.39999999999999997,0.0,0.2,5,4,1,5.0,1.0,1.0,-0.6,1.0
EXP1-847367D338F34A79B78E5D46AB3972C4,sapi5xml,Explicit prosody markup,upset,0.495,0.09,0.2925,0.575,0.8,0.6875,0.07999999999999996,0.7100000000000001,0.395,2,1,1,1.0,0.39,0.42,0.55,-1.0
EXP1-847367D338F34A79B78E5D46AB3972C4,kokoro,"Native rate, external pitch and level",calm,0.05499999999999999,0.06,0.057499999999999996,0.05499999999999999,0.05499999999999999,0.05499999999999999,0.0,-0.0050000000000000044,-0.0025000000000000022,4,4,0,4.5,0.49,-0.48,0.71,-0.49
EXP1-847367D338F34A79B78E5D46AB3972C4,zipvoice,Reference or style conditioning,happy,0.43,0.54,0.485,0.05499999999999999,0.6499999999999999,0.3524999999999999,-0.375,0.10999999999999988,-0.13250000000000006,2,3,-1,1.0,-0.26,-0.48,0.49,-0.7
EXP1-847367D338F34A79B78E5D46AB3972C4,styletts2,Reference or style conditioning,calm,0.05499999999999999,0.53,0.2925,0.585,0.5449999999999999,0.565,0.53,0.014999999999999902,0.27249999999999996,3,4,-1,2.5,0.49,0.46,-0.57,0.49
EXP1-847367D338F34A79B78E5D46AB3972C4,kokoro,"Native rate, external pitch and level",sad,0.5449999999999999,0.2,0.37249999999999994,0.655,0.05499999999999999,0.355,0.1100000000000001,-0.14500000000000002,-0.01749999999999996,3,4,-1,2.0,0.49,-1.0,0.71,-0.49
EXP1-847367D338F34A79B78E5D46AB3972C4,cosyvoice2,Natural-language delivery instruction,upset,0.06,0.08000000000000002,0.07,0.5449999999999999,0.8,0.6725,0.48499999999999993,0.72,0.6025,4,2,2,5.0,-0.72,0.76,0.49,-1.0
EXP1-847367D338F34A79B78E5D46AB3972C4,pyttsx3,Explicit prosody markup,happy,0.6599999999999999,0.2,0.42999999999999994,0.5800000000000001,0.019999999999999962,0.30000000000000004,-0.07999999999999985,-0.18000000000000005,-0.1299999999999999,1,1,0,2.0,-0.72,1.0,-0.56,0.56
EXP1-847367D338F34A79B78E5D46AB3972C4,styletts2,Reference or style conditioning,sad,0.010000000000000009,0.2,0.10500000000000001,0.015000000000000013,0.5449999999999999,0.27999999999999997,0.0050000000000000044,0.3449999999999999,0.17499999999999996,2,4,-2,3.5,-0.58,-1.0,-0.57,0.49
EXP1-847367D338F34A79B78E5D46AB3972C4,chatterbox,Reference or style conditioning,sad,0.09500000000000003,0.10000000000000003,0.09750000000000003,0.0,0.8,0.4,-0.09500000000000003,0.7,0.3025,3,4,-1,5.0,-0.79,-0.8,-0.6,1.0
EXP1-847367D338F34A79B78E5D46AB3972C4,pyttsx3,Explicit prosody markup,upset,0.040000000000000036,0.065,0.05250000000000002,0.019999999999999962,0.019999999999999962,0.019999999999999962,-0.020000000000000073,-0.04500000000000004,-0.03250000000000006,1,1,0,5.0,-0.68,0.73,-0.56,0.56
EXP1-847367D338F34A79B78E5D46AB3972C4,zipvoice,Reference or style conditioning,calm,0.2,0.2,0.2,0.05499999999999999,0.04999999999999999,0.05249999999999999,-0.14500000000000002,-0.15000000000000002,-0.14750000000000002,2,3,-1,5.0,1.0,-1.0,0.49,-0.7
EXP1-847367D338F34A79B78E5D46AB3972C4,espeak,Explicit prosody markup,calm,0.325,0.45999999999999996,0.39249999999999996,0.505,0.8,0.6525000000000001,0.18,0.3400000000000001,0.2600000000000001,1,1,0,1.0,-0.05,0.32,-0.41,1.0
EXP1-847367D338F34A79B78E5D46AB3972C4,zipvoice,Reference or style conditioning,sad,0.5700000000000001,0.2,0.385,0.5449999999999999,0.04999999999999999,0.2975,-0.025000000000000133,-0.15000000000000002,-0.08750000000000002,3,3,0,3.0,0.54,-1.0,0.49,-0.7
EXP1-847367D338F34A79B78E5D46AB3972C4,styletts2,Reference or style conditioning,upset,0.025000000000000022,0.08500000000000002,0.05500000000000002,0.015000000000000013,0.05499999999999999,0.035,-0.010000000000000009,-0.030000000000000027,-0.020000000000000018,3,4,-1,4.5,-0.65,0.77,-0.57,0.49
EXP1-B5DB27DB60A64A31B303916A8FC6727A,styletts2,Reference or style conditioning,happy,0.175,0.04999999999999999,0.11249999999999999,0.09999999999999998,0.10999999999999999,0.10499999999999998,-0.07500000000000001,0.06,-0.007500000000000007,4,4,0,3.5,0.25,0.5,0.4,0.38
EXP1-B5DB27DB60A64A31B303916A8FC6727A,cosyvoice2,Natural-language delivery instruction,happy,0.19,0.22499999999999998,0.2075,0.41,0.53,0.47,0.21999999999999997,0.30500000000000005,0.26249999999999996,3,2,1,3.0,0.22,0.15,-0.22,-0.46
EXP1-B5DB27DB60A64A31B303916A8FC6727A,zipvoice,Reference or style conditioning,upset,0.345,0.205,0.27499999999999997,0.4,0.195,0.2975,0.05500000000000005,-0.009999999999999981,0.02250000000000002,4,3,1,2.0,0.09,0.19,0.2,0.21
EXP1-B5DB27DB60A64A31B303916A8FC6727A,chatterbox,Reference or style conditioning,calm,0.21,0.40499999999999997,0.3075,0.010000000000000009,0.595,0.3025,-0.19999999999999998,0.19,-0.0050000000000000044,3,4,-1,3.0,0.18,0.21,0.58,0.59
EXP1-B5DB27DB60A64A31B303916A8FC6727A,kokoro,"Native rate, external pitch and level",calm,0.22499999999999998,0.43,0.3275,0.08499999999999999,0.19,0.1375,-0.13999999999999999,-0.24,-0.19,2,3,-1,3.5,0.15,0.26,0.43,-0.22
EXP1-B5DB27DB60A64A31B303916A8FC6727A,zipvoice,Reference or style conditioning,happy,0.03999999999999998,0.21,0.12499999999999999,0.19999999999999998,0.195,0.1975,0.16,-0.014999999999999986,0.07250000000000002,4,3,1,3.5,0.52,0.18,0.2,0.21
EXP1-B5DB27DB60A64A31B303916A8FC6727A,pyttsx3,Explicit prosody markup,upset,0.06999999999999998,0.6599999999999999,0.36499999999999994,0.51,0.41,0.45999999999999996,0.44000000000000006,-0.24999999999999994,0.09500000000000003,1,4,-3,1.5,-0.46,-0.72,0.42,-0.22
EXP1-B5DB27DB60A64A31B303916A8FC6727A,cosyvoice2,Natural-language delivery instruction,sad,0.355,0.06999999999999998,0.21249999999999997,0.19,0.06999999999999998,0.13,-0.16499999999999998,0.0,-0.08249999999999996,3,2,1,4.0,0.11,-0.46,-0.22,-0.46
EXP1-B5DB27DB60A64A31B303916A8FC6727A,sapi5xml,Explicit prosody markup,upset,0.41,0.40499999999999997,0.4075,0.22499999999999998,0.495,0.36,-0.185,0.09000000000000002,-0.04749999999999999,2,2,0,2.5,0.22,-0.21,-0.15,-0.39
EXP1-B5DB27DB60A64A31B303916A8FC6727A,cosyvoice2,Natural-language delivery instruction,upset,0.22999999999999998,0.53,0.38,0.19,0.53,0.36,-0.03999999999999998,0.0,-0.020000000000000018,3,2,1,2.5,-0.14,-0.46,-0.22,-0.46
EXP1-B5DB27DB60A64A31B303916A8FC6727A,kokoro,"Native rate, external pitch and level",sad,0.435,0.040000000000000036,0.23750000000000002,0.515,0.19,0.35250000000000004,0.08000000000000002,0.14999999999999997,0.11500000000000002,3,3,0,3.5,0.27,-0.68,0.43,-0.22
EXP1-B5DB27DB60A64A31B303916A8FC6727A,pyttsx3,Explicit prosody markup,calm,0.365,0.14,0.2525,0.09,0.19,0.14,-0.275,0.04999999999999999,-0.11249999999999999,2,4,-2,2.0,-0.13,-0.88,0.42,-0.22
EXP1-B5DB27DB60A64A31B303916A8FC6727A,cosyvoice2,Natural-language delivery instruction,calm,0.235,0.25,0.2425,0.41,0.06999999999999998,0.24,0.175,-0.18000000000000002,-0.0025000000000000022,3,2,1,3.5,0.13,-0.1,-0.22,-0.46
EXP1-B5DB27DB60A64A31B303916A8FC6727A,espeak,Explicit prosody markup,upset,0.2,0.8,0.5,0.0050000000000000044,0.585,0.295,-0.195,-0.21500000000000008,-0.20500000000000002,1,1,0,1.0,-1.0,-1.0,-0.59,-0.57
EXP1-B5DB27DB60A64A31B303916A8FC6727A,parlertts,Natural-language delivery instruction,happy,0.145,0.395,0.27,0.44,0.435,0.4375,0.29500000000000004,0.03999999999999998,0.16749999999999998,2,2,0,2.0,0.31,-0.19,-0.28,-0.27
EXP1-B5DB27DB60A64A31B303916A8FC6727A,parlertts,Natural-language delivery instruction,sad,0.56,0.685,0.6225,0.15999999999999998,0.16499999999999998,0.16249999999999998,-0.4000000000000001,-0.52,-0.4600000000000001,4,2,2,2.0,0.52,0.77,-0.28,-0.27
EXP1-B5DB27DB60A64A31B303916A8FC6727A,espeak,Explicit prosody markup,happy,0.8,0.8,0.8,0.595,0.585,0.59,-0.20500000000000007,-0.21500000000000008,-0.21000000000000008,1,1,0,1.0,-1.0,-1.0,-0.59,-0.57
EXP1-B5DB27DB60A64A31B303916A8FC6727A,chatterbox,Reference or style conditioning,sad,0.4,0.19999999999999998,0.3,0.59,0.595,0.5925,0.18999999999999995,0.395,0.29250000000000004,3,4,-1,3.5,0.2,-0.2,0.58,0.59
EXP1-B5DB27DB60A64A31B303916A8FC6727A,espeak,Explicit prosody markup,calm,0.8,0.2,0.5,0.595,0.015000000000000013,0.305,-0.20500000000000007,-0.185,-0.195,1,1,0,1.0,-1.0,-1.0,-0.59,-0.57
EXP1-B5DB27DB60A64A31B303916A8FC6727A,espeak,Explicit prosody markup,sad,0.16999999999999998,0.015000000000000013,0.0925,0.0050000000000000044,0.015000000000000013,0.010000000000000009,-0.16499999999999998,0.0,-0.08249999999999999,1,1,0,1.5,-0.94,-0.63,-0.59,-0.57
EXP1-B5DB27DB60A64A31B303916A8FC6727A,chatterbox,Reference or style conditioning,upset,0.45499999999999996,0.21499999999999997,0.33499999999999996,0.59,0.0050000000000000044,0.2975,0.135,-0.20999999999999996,-0.03749999999999998,3,4,-1,3.5,0.31,0.17,0.58,0.59
EXP1-B5DB27DB60A64A31B303916A8FC6727A,kokoro,"Native rate, external pitch and level",happy,0.010000000000000009,0.15999999999999998,0.08499999999999999,0.08499999999999999,0.41,0.2475,0.07499999999999998,0.25,0.1625,5,3,2,4.0,0.58,0.28,0.43,-0.22
EXP1-B5DB27DB60A64A31B303916A8FC6727A,kokoro,"Native rate, external pitch and level",upset,0.505,0.07499999999999998,0.29,0.515,0.41,0.4625,0.010000000000000009,0.33499999999999996,0.17250000000000004,3,3,0,2.0,0.41,0.45,0.43,-0.22
EXP1-B5DB27DB60A64A31B303916A8FC6727A,pyttsx3,Explicit prosody markup,happy,0.39,0.19,0.29000000000000004,0.09,0.41,0.25,-0.30000000000000004,0.21999999999999997,-0.040000000000000036,1,4,-3,2.5,-0.18,0.22,0.42,-0.22
EXP1-B5DB27DB60A64A31B303916A8FC6727A,sapi5xml,Explicit prosody markup,happy,0.37,0.185,0.27749999999999997,0.375,0.495,0.435,0.0050000000000000044,0.31,0.15750000000000003,2,2,0,2.5,-0.14,0.23,-0.15,-0.39
EXP1-B5DB27DB60A64A31B303916A8FC6727A,zipvoice,Reference or style conditioning,sad,0.16499999999999998,0.435,0.3,0.4,0.40499999999999997,0.40249999999999997,0.23500000000000004,-0.030000000000000027,0.10249999999999998,2,3,-1,3.5,-0.27,0.27,0.2,0.21
EXP1-B5DB27DB60A64A31B303916A8FC6727A,chatterbox,Reference or style conditioning,happy,0.040000000000000036,0.44499999999999995,0.2425,0.010000000000000009,0.0050000000000000044,0.007500000000000007,-0.030000000000000027,-0.43999999999999995,-0.235,4,4,0,5.0,0.68,-0.29,0.58,0.59
EXP1-B5DB27DB60A64A31B303916A8FC6727A,styletts2,Reference or style conditioning,calm,0.175,0.44999999999999996,0.3125,0.09999999999999998,0.49,0.295,-0.07500000000000001,0.040000000000000036,-0.017500000000000016,3,4,-1,4.0,0.25,0.3,0.4,0.38
EXP1-B5DB27DB60A64A31B303916A8FC6727A,pyttsx3,Explicit prosody markup,sad,0.18,0.145,0.16249999999999998,0.51,0.19,0.35,0.33,0.04500000000000001,0.1875,2,4,-2,4.0,-0.24,-0.31,0.42,-0.22
EXP1-B5DB27DB60A64A31B303916A8FC6727A,zipvoice,Reference or style conditioning,calm,0.205,0.4,0.3025,0.19999999999999998,0.40499999999999997,0.3025,-0.0050000000000000044,0.004999999999999949,0.0,3,3,0,3.5,0.19,0.2,0.2,0.21
EXP1-B5DB27DB60A64A31B303916A8FC6727A,sapi5xml,Explicit prosody markup,sad,0.125,0.044999999999999984,0.08499999999999999,0.22499999999999998,0.10499999999999998,0.16499999999999998,0.09999999999999998,0.06,0.07999999999999999,3,2,1,4.0,-0.35,-0.51,-0.15,-0.39
EXP1-B5DB27DB60A64A31B303916A8FC6727A,sapi5xml,Explicit prosody markup,calm,0.22499999999999998,0.43,0.3275,0.375,0.10499999999999998,0.24,0.15000000000000002,-0.325,-0.08750000000000002,3,2,1,2.5,0.15,0.26,-0.15,-0.39
EXP1-B5DB27DB60A64A31B303916A8FC6727A,parlertts,Natural-language delivery instruction,upset,0.515,0.095,0.305,0.15999999999999998,0.435,0.2975,-0.35500000000000004,0.33999999999999997,-0.007500000000000007,4,2,2,2.0,0.43,0.41,-0.28,-0.27
EXP1-B5DB27DB60A64A31B303916A8FC6727A,styletts2,Reference or style conditioning,sad,0.42,0.43,0.425,0.5,0.49,0.495,0.08000000000000002,0.06,0.07,4,4,0,2.5,0.24,0.26,0.4,0.38
EXP1-B5DB27DB60A64A31B303916A8FC6727A,styletts2,Reference or style conditioning,upset,0.13499999999999998,0.15999999999999998,0.14749999999999996,0.5,0.10999999999999999,0.305,0.365,-0.04999999999999999,0.15750000000000003,4,4,0,3.5,-0.33,0.28,0.4,0.38
EXP1-B5DB27DB60A64A31B303916A8FC6727A,parlertts,Natural-language delivery instruction,calm,0.375,0.12,0.2475,0.44,0.16499999999999998,0.3025,0.065,0.044999999999999984,0.05499999999999999,2,2,0,4.0,-0.15,-0.36,-0.28,-0.27
EXP1-EE38225081F74A1DA0811FFD128DE26F,pyttsx3,Explicit prosody markup,upset,0.3,0.175,0.2375,0.44,0.16999999999999998,0.305,0.14,-0.0050000000000000044,0.0675,3,4,-1,2.5,0.0,0.25,0.28,0.26
EXP1-EE38225081F74A1DA0811FFD128DE26F,zipvoice,Reference or style conditioning,happy,0.235,0.42,0.3275,0.07499999999999998,0.13999999999999999,0.10749999999999998,-0.16,-0.28,-0.22000000000000003,4,4,0,2.5,0.13,-0.24,0.45,0.32
EXP1-EE38225081F74A1DA0811FFD128DE26F,cosyvoice2,Natural-language delivery instruction,happy,0.05499999999999999,0.19,0.1225,0.15999999999999998,0.63,0.395,0.10499999999999998,0.44,0.2725,4,2,2,4.0,0.49,0.22,0.28,-0.66
EXP1-EE38225081F74A1DA0811FFD128DE26F,espeak,Explicit prosody markup,sad,0.22999999999999998,0.185,0.2075,0.325,0.325,0.325,0.09500000000000003,0.14,0.11750000000000002,1,1,0,1.0,-0.14,-0.23,0.05,0.05
EXP1-EE38225081F74A1DA0811FFD128DE26F,sapi5xml,Explicit prosody markup,sad,0.13499999999999998,0.19999999999999998,0.16749999999999998,0.48,0.145,0.3125,0.345,-0.05499999999999999,0.14500000000000002,3,3,0,3.5,-0.33,-0.2,0.36,-0.31
EXP1-EE38225081F74A1DA0811FFD128DE26F,styletts2,Reference or style conditioning,happy,0.04999999999999999,0.11499999999999999,0.08249999999999999,0.11499999999999999,0.175,0.145,0.065,0.06,0.0625,4,3,1,4.0,0.5,0.37,0.37,0.25
EXP1-EE38225081F74A1DA0811FFD128DE26F,zipvoice,Reference or style conditioning,calm,0.015000000000000013,0.5449999999999999,0.27999999999999997,0.07499999999999998,0.45999999999999996,0.26749999999999996,0.05999999999999997,-0.08499999999999996,-0.012500000000000011,4,4,0,4.0,0.63,0.49,0.45,0.32
EXP1-EE38225081F74A1DA0811FFD128DE26F,espeak,Explicit prosody markup,calm,0.32,0.32999999999999996,0.32499999999999996,0.27499999999999997,0.325,0.3,-0.04500000000000004,-0.004999999999999949,-0.024999999999999967,1,1,0,1.5,-0.04,0.06,0.05,0.05
EXP1-EE38225081F74A1DA0811FFD128DE26F,chatterbox,Reference or style conditioning,calm,0.27499999999999997,0.27,0.27249999999999996,0.020000000000000018,0.585,0.3025,-0.25499999999999995,0.31499999999999995,0.030000000000000027,2,4,-2,3.5,0.05,-0.06,0.64,0.57
EXP1-EE38225081F74A1DA0811FFD128DE26F,zipvoice,Reference or style conditioning,sad,0.425,0.255,0.33999999999999997,0.525,0.45999999999999996,0.4925,0.10000000000000003,0.20499999999999996,0.15250000000000002,3,4,-1,2.5,0.25,-0.09,0.45,0.32
EXP1-EE38225081F74A1DA0811FFD128DE26F,espeak,Explicit prosody markup,happy,0.27,0.05499999999999999,0.1625,0.27499999999999997,0.27499999999999997,0.27499999999999997,0.004999999999999949,0.21999999999999997,0.11249999999999996,1,1,0,2.0,0.06,0.71,0.05,0.05
EXP1-EE38225081F74A1DA0811FFD128DE26F,styletts2,Reference or style conditioning,sad,0.655,0.635,0.645,0.485,0.425,0.45499999999999996,-0.17000000000000004,-0.21000000000000002,-0.19000000000000006,4,3,1,4.0,0.71,0.67,0.37,0.25
EXP1-EE38225081F74A1DA0811FFD128DE26F,zipvoice,Reference or style conditioning,upset,0.495,0.13999999999999999,0.3175,0.525,0.13999999999999999,0.3325,0.030000000000000027,0.0,0.015000000000000013,3,4,-1,3.5,0.39,0.32,0.45,0.32
EXP1-EE38225081F74A1DA0811FFD128DE26F,parlertts,Natural-language delivery instruction,happy,0.09999999999999998,0.10999999999999999,0.10499999999999998,0.16999999999999998,0.185,0.1775,0.07,0.07500000000000001,0.07250000000000001,4,3,1,4.0,0.4,0.38,0.26,0.23
EXP1-EE38225081F74A1DA0811FFD128DE26F,kokoro,"Native rate, external pitch and level",sad,0.43,0.03500000000000003,0.2325,0.41,0.255,0.3325,-0.020000000000000018,0.21999999999999997,0.1,3,4,-1,3.5,0.26,-0.67,0.22,-0.09
EXP1-EE38225081F74A1DA0811FFD128DE26F,styletts2,Reference or style conditioning,upset,0.375,0.08499999999999999,0.22999999999999998,0.485,0.175,0.32999999999999996,0.10999999999999999,0.09,0.09999999999999998,4,3,1,3.5,0.15,0.43,0.37,0.25
EXP1-EE38225081F74A1DA0811FFD128DE26F,kokoro,"Native rate, external pitch and level",happy,0.07500000000000001,0.12999999999999998,0.1025,0.19,0.345,0.26749999999999996,0.11499999999999999,0.215,0.16499999999999998,5,4,1,4.0,0.75,0.34,0.22,-0.09
EXP1-EE38225081F74A1DA0811FFD128DE26F,parlertts,Natural-language delivery instruction,calm,0.04999999999999999,0.5549999999999999,0.3025,0.16999999999999998,0.415,0.2925,0.12,-0.13999999999999996,-0.010000000000000009,4,3,1,4.0,0.5,0.51,0.26,0.23
EXP1-EE38225081F74A1DA0811FFD128DE26F,espeak,Explicit prosody markup,upset,0.32,0.285,0.3025,0.325,0.27499999999999997,0.3,0.0050000000000000044,-0.010000000000000009,-0.0025000000000000022,1,1,0,2.0,0.04,0.03,0.05,0.05
EXP1-EE38225081F74A1DA0811FFD128DE26F,parlertts,Natural-language delivery instruction,sad,0.495,0.385,0.44,0.43,0.415,0.4225,-0.065,0.02999999999999997,-0.017500000000000016,3,3,0,3.5,0.39,0.17,0.26,0.23
EXP1-EE38225081F74A1DA0811FFD128DE26F,styletts2,Reference or style conditioning,calm,0.39,0.365,0.3775,0.11499999999999999,0.425,0.27,-0.275,0.06,-0.10749999999999998,3,3,0,3.5,-0.18,0.13,0.37,0.25
EXP1-EE38225081F74A1DA0811FFD128DE26F,pyttsx3,Explicit prosody markup,sad,0.45999999999999996,0.185,0.3225,0.44,0.43,0.435,-0.019999999999999962,0.245,0.11249999999999999,2,4,-2,2.5,0.32,-0.23,0.28,0.26
EXP1-EE38225081F74A1DA0811FFD128DE26F,chatterbox,Reference or style conditioning,happy,0.040000000000000036,0.10499999999999998,0.07250000000000001,0.020000000000000018,0.015000000000000013,0.017500000000000016,-0.020000000000000018,-0.08999999999999997,-0.05499999999999999,4,4,0,4.0,0.68,0.39,0.64,0.57
EXP1-EE38225081F74A1DA0811FFD128DE26F,sapi5xml,Explicit prosody markup,calm,0.065,0.27499999999999997,0.16999999999999998,0.12,0.145,0.1325,0.05499999999999999,-0.12999999999999998,-0.03749999999999998,3,3,0,3.5,0.47,-0.05,0.36,-0.31
EXP1-EE38225081F74A1DA0811FFD128DE26F,cosyvoice2,Natural-language delivery instruction,calm,0.18,0.175,0.1775,0.15999999999999998,0.030000000000000027,0.095,-0.020000000000000018,-0.14499999999999996,-0.08249999999999999,3,2,1,3.5,0.24,-0.25,0.28,-0.66
EXP1-EE38225081F74A1DA0811FFD128DE26F,sapi5xml,Explicit prosody markup,happy,0.19999999999999998,0.25,0.22499999999999998,0.12,0.45499999999999996,0.2875,-0.07999999999999999,0.20499999999999996,0.0625,3,3,0,4.0,0.2,0.1,0.36,-0.31
EXP1-EE38225081F74A1DA0811FFD128DE26F,chatterbox,Reference or style conditioning,upset,0.505,0.13499999999999998,0.32,0.62,0.015000000000000013,0.3175,0.11499999999999999,-0.11999999999999997,-0.0025000000000000022,3,4,-1,4.0,0.41,0.33,0.64,0.57
EXP1-EE38225081F74A1DA0811FFD128DE26F,sapi5xml,Explicit prosody markup,upset,0.39,0.32,0.355,0.48,0.45499999999999996,0.46749999999999997,0.08999999999999997,0.13499999999999995,0.11249999999999999,4,3,1,4.0,0.18,-0.04,0.36,-0.31
EXP1-EE38225081F74A1DA0811FFD128DE26F,chatterbox,Reference or style conditioning,sad,0.495,0.45499999999999996,0.475,0.62,0.585,0.6025,0.125,0.13,0.12750000000000006,3,4,-1,4.0,0.39,0.31,0.64,0.57
EXP1-EE38225081F74A1DA0811FFD128DE26F,cosyvoice2,Natural-language delivery instruction,upset,0.21499999999999997,0.48,0.3475,0.44,0.63,0.535,0.22500000000000003,0.15000000000000002,0.18750000000000006,2,2,0,3.5,-0.17,-0.36,0.28,-0.66
EXP1-EE38225081F74A1DA0811FFD128DE26F,kokoro,"Native rate, external pitch and level",calm,0.034999999999999976,0.41,0.22249999999999998,0.19,0.255,0.2225,0.15500000000000003,-0.15499999999999997,2.7755575615628914e-17,3,4,-1,3.5,0.53,0.22,0.22,-0.09
EXP1-EE38225081F74A1DA0811FFD128DE26F,pyttsx3,Explicit prosody markup,happy,0.43,0.03999999999999998,0.235,0.15999999999999998,0.16999999999999998,0.16499999999999998,-0.27,0.13,-0.07,3,4,-1,2.0,-0.26,0.52,0.28,0.26
EXP1-EE38225081F74A1DA0811FFD128DE26F,parlertts,Natural-language delivery instruction,upset,0.635,0.54,0.5875,0.43,0.185,0.3075,-0.20500000000000002,-0.35500000000000004,-0.28,4,3,1,4.0,0.67,-0.48,0.26,0.23
EXP1-EE38225081F74A1DA0811FFD128DE26F,kokoro,"Native rate, external pitch and level",upset,0.74,0.42,0.58,0.41,0.345,0.37749999999999995,-0.33,-0.07500000000000001,-0.2025,4,4,0,4.5,0.88,-0.24,0.22,-0.09
EXP1-EE38225081F74A1DA0811FFD128DE26F,cosyvoice2,Natural-language delivery instruction,sad,0.04999999999999999,0.07999999999999999,0.06499999999999999,0.44,0.030000000000000027,0.23500000000000001,0.39,-0.04999999999999996,0.17000000000000004,3,2,1,3.5,-0.7,-0.44,0.28,-0.66
EXP1-EE38225081F74A1DA0811FFD128DE26F,pyttsx3,Explicit prosody markup,calm,0.07500000000000001,0.155,0.115,0.15999999999999998,0.43,0.295,0.08499999999999996,0.275,0.18,4,4,0,4.0,0.75,-0.29,0.28,0.26
P-069BCA1632204A748E3AFCF22984CFF7,zipvoice,Reference or style conditioning,sad,0.12999999999999998,0.435,0.2825,0.185,0.010000000000000009,0.0975,0.05500000000000002,-0.425,-0.18499999999999997,2,4,-2,3.5,-0.34,0.27,-0.23,-0.62
P-069BCA1632204A748E3AFCF22984CFF7,parlertts,Natural-language delivery instruction,calm,0.12999999999999998,0.41,0.26999999999999996,0.605,0.025000000000000022,0.315,0.475,-0.38499999999999995,0.04500000000000004,4,4,0,3.5,0.34,0.22,-0.61,-0.65
P-069BCA1632204A748E3AFCF22984CFF7,sapi5xml,Explicit prosody markup,calm,0.45999999999999996,0.15,0.305,0.665,0.07,0.36750000000000005,0.20500000000000007,-0.07999999999999999,0.06250000000000006,2,4,-2,2.5,-0.32,-0.3,-0.73,-0.74
P-069BCA1632204A748E3AFCF22984CFF7,zipvoice,Reference or style conditioning,happy,0.185,0.16999999999999998,0.1775,0.415,0.61,0.5125,0.22999999999999998,0.44,0.33499999999999996,2,4,-2,2.0,0.23,0.26,-0.23,-0.62
P-069BCA1632204A748E3AFCF22984CFF7,parlertts,Natural-language delivery instruction,upset,0.08000000000000002,0.675,0.37750000000000006,0.0050000000000000044,0.625,0.315,-0.07500000000000001,-0.050000000000000044,-0.06250000000000006,4,4,0,3.5,-0.76,-0.75,-0.61,-0.65
P-069BCA1632204A748E3AFCF22984CFF7,cosyvoice2,Natural-language delivery instruction,happy,0.7050000000000001,0.07,0.38750000000000007,0.575,0.485,0.53,-0.13000000000000012,0.415,0.14249999999999996,4,2,2,1.5,-0.81,0.74,-0.55,-0.37
P-069BCA1632204A748E3AFCF22984CFF7,kokoro,"Native rate, external pitch and level",sad,0.43,0.18,0.305,0.5449999999999999,0.02999999999999997,0.2875,0.11499999999999994,-0.15000000000000002,-0.017500000000000016,4,5,-1,4.5,0.26,-0.96,0.49,-0.54
P-069BCA1632204A748E3AFCF22984CFF7,styletts2,Reference or style conditioning,upset,0.385,0.195,0.29000000000000004,0.76,0.044999999999999984,0.40249999999999997,0.375,-0.15000000000000002,0.11249999999999993,3,4,-1,2.0,0.17,0.21,0.92,0.69
P-069BCA1632204A748E3AFCF22984CFF7,chatterbox,Reference or style conditioning,happy,0.195,0.185,0.19,0.46499999999999997,0.12999999999999998,0.2975,0.26999999999999996,-0.05500000000000002,0.10749999999999998,5,4,1,5.0,0.99,0.97,-0.33,0.34
P-069BCA1632204A748E3AFCF22984CFF7,chatterbox,Reference or style conditioning,calm,0.15999999999999998,0.08500000000000002,0.1225,0.46499999999999997,0.47,0.46749999999999997,0.305,0.38499999999999995,0.345,4,4,0,4.5,0.28,-0.77,-0.33,0.34
P-069BCA1632204A748E3AFCF22984CFF7,sapi5xml,Explicit prosody markup,upset,0.345,0.21999999999999997,0.2825,0.065,0.6699999999999999,0.36749999999999994,-0.27999999999999997,0.44999999999999996,0.08499999999999996,2,4,-2,2.5,0.09,0.16,-0.73,-0.74
P-069BCA1632204A748E3AFCF22984CFF7,pyttsx3,Explicit prosody markup,calm,0.18,0.435,0.3075,0.765,0.6950000000000001,0.73,0.585,0.26000000000000006,0.4225,3,5,-2,3.5,0.24,0.27,-0.93,0.79
P-069BCA1632204A748E3AFCF22984CFF7,espeak,Explicit prosody markup,happy,0.645,0.010000000000000009,0.3275,0.43,0.43,0.43,-0.21500000000000002,0.42,0.10249999999999998,1,2,-1,1.5,-0.69,0.62,-0.26,-0.26
P-069BCA1632204A748E3AFCF22984CFF7,cosyvoice2,Natural-language delivery instruction,sad,0.19999999999999998,0.175,0.1875,0.024999999999999967,0.11499999999999999,0.06999999999999998,-0.17500000000000002,-0.06,-0.11750000000000002,2,2,0,4.0,-0.2,-0.25,-0.55,-0.37
P-069BCA1632204A748E3AFCF22984CFF7,chatterbox,Reference or style conditioning,sad,0.015000000000000013,0.03500000000000003,0.025000000000000022,0.13499999999999998,0.47,0.3025,0.11999999999999997,0.43499999999999994,0.27749999999999997,2,4,-2,4.0,-0.63,-0.67,-0.33,0.34
P-069BCA1632204A748E3AFCF22984CFF7,kokoro,"Native rate, external pitch and level",upset,0.6699999999999999,0.0,0.33499999999999996,0.5449999999999999,0.5700000000000001,0.5575,-0.125,0.5700000000000001,0.22250000000000003,5,5,0,1.5,0.74,0.6,0.49,-0.54
P-069BCA1632204A748E3AFCF22984CFF7,kokoro,"Native rate, external pitch and level",happy,0.0050000000000000044,0.024999999999999967,0.014999999999999986,0.05499999999999999,0.5700000000000001,0.3125,0.04999999999999999,0.5450000000000002,0.2975,4,5,-1,4.0,0.59,0.55,0.49,-0.54
P-069BCA1632204A748E3AFCF22984CFF7,styletts2,Reference or style conditioning,sad,0.06999999999999998,0.08499999999999999,0.07749999999999999,0.76,0.645,0.7025,0.6900000000000001,0.56,0.625,4,4,0,4.5,-0.46,-0.43,0.92,0.69
P-069BCA1632204A748E3AFCF22984CFF7,pyttsx3,Explicit prosody markup,upset,0.16000000000000003,0.10000000000000003,0.13000000000000003,0.16500000000000004,0.09500000000000003,0.13000000000000003,0.0050000000000000044,-0.0050000000000000044,0.0,5,5,0,5.0,-0.92,0.8,-0.93,0.79
P-069BCA1632204A748E3AFCF22984CFF7,parlertts,Natural-language delivery instruction,happy,0.6599999999999999,0.030000000000000027,0.345,0.605,0.625,0.615,-0.05499999999999994,0.595,0.27,3,4,-1,4.5,-0.72,0.66,-0.61,-0.65
P-069BCA1632204A748E3AFCF22984CFF7,zipvoice,Reference or style conditioning,calm,0.735,0.10000000000000003,0.4175,0.415,0.010000000000000009,0.2125,-0.32,-0.09000000000000002,-0.205,4,4,0,2.5,-0.87,-0.8,-0.23,-0.62
P-069BCA1632204A748E3AFCF22984CFF7,sapi5xml,Explicit prosody markup,happy,0.755,0.015000000000000013,0.385,0.665,0.6699999999999999,0.6675,-0.08999999999999997,0.6549999999999999,0.2825,2,4,-2,1.0,-0.91,0.63,-0.73,-0.74
P-069BCA1632204A748E3AFCF22984CFF7,espeak,Explicit prosody markup,sad,0.125,0.10999999999999999,0.1175,0.16999999999999998,0.16999999999999998,0.16999999999999998,0.044999999999999984,0.06,0.05249999999999999,1,2,-1,4.0,-0.85,-0.82,-0.26,-0.26
P-069BCA1632204A748E3AFCF22984CFF7,chatterbox,Reference or style conditioning,upset,0.55,0.06999999999999998,0.31,0.13499999999999998,0.12999999999999998,0.13249999999999998,-0.41500000000000004,0.06,-0.17750000000000002,3,4,-1,1.5,0.5,0.46,-0.33,0.34
P-069BCA1632204A748E3AFCF22984CFF7,espeak,Explicit prosody markup,upset,0.395,0.54,0.4675,0.16999999999999998,0.43,0.3,-0.22500000000000003,-0.11000000000000004,-0.16750000000000004,1,2,-1,2.0,0.19,-0.48,-0.26,-0.26
P-069BCA1632204A748E3AFCF22984CFF7,espeak,Explicit prosody markup,calm,0.645,0.56,0.6025,0.43,0.16999999999999998,0.3,-0.21500000000000002,-0.39000000000000007,-0.30250000000000005,1,2,-1,1.0,-0.69,0.52,-0.26,-0.26
P-069BCA1632204A748E3AFCF22984CFF7,pyttsx3,Explicit prosody markup,happy,0.7949999999999999,0.09000000000000002,0.4425,0.765,0.09500000000000003,0.43000000000000005,-0.029999999999999916,0.0050000000000000044,-0.012499999999999956,5,5,0,2.0,-0.99,0.78,-0.93,0.79
P-069BCA1632204A748E3AFCF22984CFF7,cosyvoice2,Natural-language delivery instruction,upset,0.16500000000000004,0.10000000000000003,0.13250000000000003,0.024999999999999967,0.485,0.255,-0.14000000000000007,0.38499999999999995,0.12249999999999997,4,2,2,4.5,-0.93,0.8,-0.55,-0.37
P-069BCA1632204A748E3AFCF22984CFF7,styletts2,Reference or style conditioning,happy,0.05499999999999999,0.145,0.09999999999999999,0.16000000000000003,0.044999999999999984,0.10250000000000001,0.10500000000000004,-0.1,0.002500000000000016,4,4,0,4.5,0.71,0.31,0.92,0.69
P-069BCA1632204A748E3AFCF22984CFF7,cosyvoice2,Natural-language delivery instruction,calm,0.18,0.44,0.31,0.575,0.11499999999999999,0.345,0.39499999999999996,-0.325,0.034999999999999976,4,2,2,3.5,0.24,0.28,-0.55,-0.37
P-069BCA1632204A748E3AFCF22984CFF7,kokoro,"Native rate, external pitch and level",calm,0.19,0.13499999999999998,0.16249999999999998,0.05499999999999999,0.02999999999999997,0.04249999999999998,-0.135,-0.10500000000000001,-0.12,5,5,0,4.5,0.22,-0.33,0.49,-0.54
P-069BCA1632204A748E3AFCF22984CFF7,zipvoice,Reference or style conditioning,upset,0.565,0.8,0.6825,0.185,0.61,0.39749999999999996,-0.37999999999999995,-0.19000000000000006,-0.28500000000000003,4,4,0,2.5,0.53,-1.0,-0.23,-0.62
P-069BCA1632204A748E3AFCF22984CFF7,sapi5xml,Explicit prosody markup,sad,0.0050000000000000044,0.03999999999999998,0.022499999999999992,0.065,0.07,0.0675,0.06,0.030000000000000027,0.04500000000000001,2,4,-2,4.0,-0.61,-0.52,-0.73,-0.74
P-069BCA1632204A748E3AFCF22984CFF7,styletts2,Reference or style conditioning,calm,0.205,0.185,0.195,0.16000000000000003,0.645,0.4025,-0.04499999999999996,0.46,0.20750000000000002,4,4,0,2.5,0.19,-0.23,0.92,0.69
P-069BCA1632204A748E3AFCF22984CFF7,parlertts,Natural-language delivery instruction,sad,0.44,0.18,0.31,0.0050000000000000044,0.025000000000000022,0.015000000000000013,-0.435,-0.15499999999999997,-0.295,2,4,-2,2.5,0.28,-0.24,-0.61,-0.65
P-069BCA1632204A748E3AFCF22984CFF7,pyttsx3,Explicit prosody markup,sad,0.13999999999999999,0.47,0.305,0.16500000000000004,0.6950000000000001,0.43000000000000005,0.02500000000000005,0.2250000000000001,0.12500000000000006,2,5,-3,2.0,-0.32,0.34,-0.93,0.79
