turn_uuid,target_quadrant,reply,audio_path,text_clf_quadrant,text_lex_quadrant,ser_valence,ser_arousal,ser_quadrant,clf_ser_agree,lex_ser_agree,joint_correct_clf,joint_correct_lex
ee75a733-c3e6-4fac-ab51-405cbb32b687,Q1,"YAY! Thursday can be a great day to get things done, let's make it productive!",audio_out\ee75a733-c3e6-4fac-ab51-405cbb32b687_Q1.wav,Q1,Q4,0.435,0.146,Q1,1,0,1,0
3b4657b9-7b41-4ffc-b888-4ebf44fdab2f,Q2,What's going on with the meeting schedule? First today and now it's being pushed back again?,audio_out\3b4657b9-7b41-4ffc-b888-4ebf44fdab2f_Q2.wav,Q1,Q4,-0.242,-0.016,Q3,0,0,0,0
022a2617-9ded-403d-8652-51e8cdd48d9f,Q3,I guess that's okay... I'll just have to get through it on Thursday,audio_out\022a2617-9ded-403d-8652-51e8cdd48d9f_Q3.wav,,Q4,-0.105,-0.018,Q3,0,0,0,0
5d815e84-809a-43f8-98c3-149ca3ecc551,Q4,"That works for me, sounds good.",audio_out\5d815e84-809a-43f8-98c3-149ca3ecc551_Q4.wav,Q1,Q4,0.307,0.153,Q1,1,0,0,0
7e102826-3d5c-4da4-808f-292a73161a92,Q1,Yessss! Got my Thursday schedule cleared up!,audio_out\7e102826-3d5c-4da4-808f-292a73161a92_Q1.wav,Q1,Q3,0.273,0.078,Q1,1,0,1,0
5c01d1dd-7b16-40ba-9a08-c8b465115414,Q2,ARE YOU KIDDING ME?! They're moving it AGAIN?!,audio_out\5c01d1dd-7b16-40ba-9a08-c8b465115414_Q2.wav,Q2,,-0.901,0.241,Q2,1,0,1,0
7687a27f-0129-4bd2-a98a-c0bf210755e7,Q3,"it doesn't matter when it is, it's still going to be a chore",audio_out\7687a27f-0129-4bd2-a98a-c0bf210755e7_Q3.wav,,Q4,-0.375,-0.05,Q3,0,0,0,0
bd8166b6-3da8-404b-b40d-39d6467c5236,Q4,"Sounds good, I'll make sure to adjust my schedule",audio_out\bd8166b6-3da8-404b-b40d-39d6467c5236_Q4.wav,,Q4,0.226,0.048,Q1,0,0,0,0
d989c17c-023d-4c16-840c-31bf6d532b3b,Q1,YESSSS! Let's shake off Monday blues and CRUSH that meeting on Thursday!,audio_out\d989c17c-023d-4c16-840c-31bf6d532b3b_Q1.wav,Q2,Q3,-0.176,0.119,Q2,1,0,0,0
683932a8-116b-412a-bb37-18a2cf086405,Q2,That's not fair! Now I have to adjust my whole schedule to accommodate the last-minute change!,audio_out\683932a8-116b-412a-bb37-18a2cf086405_Q2.wav,Q2,Q4,-0.21,0.051,Q2,1,0,1,0
1ed85fb0-2bc1-4721-9117-91a3fd170153,Q3,Thursday already? I'm not ready for it yet.,audio_out\1ed85fb0-2bc1-4721-9117-91a3fd170153_Q3.wav,,Q4,-0.076,-0.062,Q3,0,0,0,0
e0b93901-86e0-4e51-b0d3-56b35c22a972,Q4,"That's fine, I can adjust my schedule.",audio_out\e0b93901-86e0-4e51-b0d3-56b35c22a972_Q4.wav,,Q4,0.421,0.147,Q1,0,0,0,0
5bc8522a-8feb-4c75-bdb5-20fe526fb67a,Q1,That's awesome! Can't wait for an early win on Thursday!,audio_out\5bc8522a-8feb-4c75-bdb5-20fe526fb67a_Q1.wav,Q1,Q1,0.511,0.266,Q1,1,1,1,1
94c16f62-edd8-44f2-a58e-ceacaf2cf222,Q2,Are you kidding me? It just got rescheduled AGAIN!,audio_out\94c16f62-edd8-44f2-a58e-ceacaf2cf222_Q2.wav,Q1,,-0.703,0.128,Q2,0,0,0,0
8b8865d0-ff16-48bb-ab10-18f83d4736c0,Q3,"it doesn't really matter when it is, anyway",audio_out\8b8865d0-ff16-48bb-ab10-18f83d4736c0_Q3.wav,,Q4,-0.57,-0.068,Q3,0,0,0,0
43710ea6-4485-4b2d-9f6f-052f6000f656,Q4,"that sounds good, thursday works for me",audio_out\43710ea6-4485-4b2d-9f6f-052f6000f656_Q4.wav,Q1,Q4,0.46,0.169,Q1,1,0,0,0
