source,session,clip_id,blind_id,created,engine,param_set,stimulus_id,quadrant,valence,arousal,intensity,rate,volume,pitch,pitch_rendered,duration_s,duration_ok,model,text,audio_path,sha256,commit,tag,rec_arousal,rec_valence,rec_dominance,rec_quadrant
controlled,2026-07-26_1733_sapi_e6_realtest,3230cfe4d7,B003388,2026-07-26T16:33:40.179267+00:00,sapi5xml,rate_volume_pitch,S05,Q4,0.6,-0.6,0.7,0.928,0.65,1.042,yes,7.388,yes,fixed-text,"He parked near the corner shop, bought a loaf of bread and a carton of milk, and walked home slowly.",research\sessions\2026-07-26_1733_sapi_e6_realtest\audio\sapi5xml\rate_volume_pitch\S05_Q4.wav,9d8ff19f3e644728e325a728423b9be2f07ca29bdecadd6affd26226b4ef1216,0061ab2,v0.2-voice-params,-0.157,-0.022,0.088,Q3
controlled,2026-07-26_1733_sapi_e6_realtest,3328e91ede,B12aef7,2026-07-26T16:33:39.426270+00:00,sapi5xml,rate_volume_pitch,S03,Q3,-0.6,-0.6,0.7,0.832,0.71,0.8,yes,8.958,yes,fixed-text,"After the rain had stopped, the workers opened the gates and stacked the empty boxes along the far wall.",research\sessions\2026-07-26_1733_sapi_e6_realtest\audio\sapi5xml\rate_volume_pitch\S03_Q3.wav,8dbfd200d23a0104de13a5e0012360ec5a12e910564c1d7f7b1ac0bbc0559e60,0061ab2,v0.2-voice-params,-0.323,-0.299,-0.059,Q3
controlled,2026-07-26_1733_sapi_e6_realtest,3d5eec054f,Bd0d422,2026-07-26T16:33:38.892703+00:00,sapi5xml,rate_volume_pitch,S01,Q4,0.6,-0.6,0.7,0.928,0.65,1.042,yes,7.848,yes,fixed-text,"The train from the coast reaches the station after noon, and the passengers collect their bags before the doors open.",research\sessions\2026-07-26_1733_sapi_e6_realtest\audio\sapi5xml\rate_volume_pitch\S01_Q4.wav,ecfc3c430b8b72ab1dc32ca0a462f0501fa12cb6194e1dba1552d89481bd9d80,0061ab2,v0.2-voice-params,-0.202,-0.065,0.029,Q3
controlled,2026-07-26_1733_sapi_e6_realtest,4a5b1f2a86,B113927,2026-07-26T16:33:39.836269+00:00,sapi5xml,rate_volume_pitch,S04,Q4,0.6,-0.6,0.7,0.928,0.65,1.042,yes,6.368,yes,fixed-text,The report on the table covers the past three months and will be read by the committee later next week.,research\sessions\2026-07-26_1733_sapi_e6_realtest\audio\sapi5xml\rate_volume_pitch\S04_Q4.wav,198adfb8467b3c6765339846c828e71aa6cac10f63dffac9f193a6e6f8f8f613,0061ab2,v0.2-voice-params,-0.237,0.026,-0.026,Q4
controlled,2026-07-26_1733_sapi_e6_realtest,51da75bce2,Bc770c2,2026-07-26T16:33:39.052275+00:00,sapi5xml,rate_volume_pitch,S02,Q2,-0.6,0.6,0.7,1.072,0.95,0.958,yes,5.948,yes,fixed-text,"She placed the grey folder on the shelf, checked the list of names again, and returned to the meeting room.",research\sessions\2026-07-26_1733_sapi_e6_realtest\audio\sapi5xml\rate_volume_pitch\S02_Q2.wav,f25fa298fedfdb10be84a322e8920bafa0d6214bd0e2767382ffa83f5a520e99,0061ab2,v0.2-voice-params,-0.134,-0.031,0.097,Q3
controlled,2026-07-26_1733_sapi_e6_realtest,8f8b2a7403,B642b8d,2026-07-26T16:33:39.320267+00:00,sapi5xml,rate_volume_pitch,S03,Q2,-0.6,0.6,0.7,1.072,0.95,0.958,yes,5.712,yes,fixed-text,"After the rain had stopped, the workers opened the gates and stacked the empty boxes along the far wall.",research\sessions\2026-07-26_1733_sapi_e6_realtest\audio\sapi5xml\rate_volume_pitch\S03_Q2.wav,249d0258afbbd8f7c0138e3865128682ae340df4af84ca5d65d93eca6f418964,0061ab2,v0.2-voice-params,-0.084,-0.271,0.091,Q3
controlled,2026-07-26_1733_sapi_e6_realtest,96e30f94a7,Bb5a493,2026-07-26T16:33:38.709702+00:00,sapi5xml,rate_volume_pitch,S01,Q2,-0.6,0.6,0.7,1.072,0.95,0.958,yes,6.265,yes,fixed-text,"The train from the coast reaches the station after noon, and the passengers collect their bags before the doors open.",research\sessions\2026-07-26_1733_sapi_e6_realtest\audio\sapi5xml\rate_volume_pitch\S01_Q2.wav,3d7aaf7155778ee0db2c334fe4149f7c5887dc4e451a634c44a67e9f48bea60d,0061ab2,v0.2-voice-params,-0.088,-0.059,0.109,Q3
controlled,2026-07-26_1733_sapi_e6_realtest,97a45c7b91,B190bd3,2026-07-26T16:33:39.741267+00:00,sapi5xml,rate_volume_pitch,S04,Q3,-0.6,-0.6,0.7,0.832,0.71,0.8,yes,7.918,yes,fixed-text,The report on the table covers the past three months and will be read by the committee later next week.,research\sessions\2026-07-26_1733_sapi_e6_realtest\audio\sapi5xml\rate_volume_pitch\S04_Q3.wav,51e6b1c01c122eca51f02900f0c8ed0a35256e8c9992e22e3a92fc67406d856d,0061ab2,v0.2-voice-params,-0.341,-0.006,-0.067,Q3
controlled,2026-07-26_1733_sapi_e6_realtest,9dfd6bdb49,Bb80724,2026-07-26T16:33:39.526267+00:00,sapi5xml,rate_volume_pitch,S03,Q4,0.6,-0.6,0.7,0.928,0.65,1.042,yes,7.163,yes,fixed-text,"After the rain had stopped, the workers opened the gates and stacked the empty boxes along the far wall.",research\sessions\2026-07-26_1733_sapi_e6_realtest\audio\sapi5xml\rate_volume_pitch\S03_Q4.wav,c378493002b02e759734e790c6906a3660b19b9538f9dd23a55a2058be3f779f,0061ab2,v0.2-voice-params,-0.199,-0.267,0.014,Q3
controlled,2026-07-26_1733_sapi_e6_realtest,a090f9911d,B187f76,2026-07-26T16:33:39.110265+00:00,sapi5xml,rate_volume_pitch,S02,Q3,-0.6,-0.6,0.7,0.832,0.71,0.8,yes,9.328,yes,fixed-text,"She placed the grey folder on the shelf, checked the list of names again, and returned to the meeting room.",research\sessions\2026-07-26_1733_sapi_e6_realtest\audio\sapi5xml\rate_volume_pitch\S02_Q3.wav,d218eed0b8210a79a89ea1751c155d57bd036025295a94077affeb6a0da5005f,0061ab2,v0.2-voice-params,-0.371,-0.063,-0.054,Q3
controlled,2026-07-26_1733_sapi_e6_realtest,b29370a2e8,B195c65,2026-07-26T16:33:39.935269+00:00,sapi5xml,rate_volume_pitch,S05,Q1,0.6,0.6,0.7,1.168,0.89,1.2,yes,4.693,yes,fixed-text,"He parked near the corner shop, bought a loaf of bread and a carton of milk, and walked home slowly.",research\sessions\2026-07-26_1733_sapi_e6_realtest\audio\sapi5xml\rate_volume_pitch\S05_Q1.wav,6e4d978422b54ead7b75444a9222e6aedfe5c9728c1d246f5a2aaf5eb399d830,0061ab2,v0.2-voice-params,0.182,0.098,0.306,Q1
controlled,2026-07-26_1733_sapi_e6_realtest,b819b180cb,B92cd90,2026-07-26T16:33:40.113265+00:00,sapi5xml,rate_volume_pitch,S05,Q3,-0.6,-0.6,0.7,0.832,0.71,0.8,yes,9.243,yes,fixed-text,"He parked near the corner shop, bought a loaf of bread and a carton of milk, and walked home slowly.",research\sessions\2026-07-26_1733_sapi_e6_realtest\audio\sapi5xml\rate_volume_pitch\S05_Q3.wav,bc86c030886cc4edf52e6365e60fcf9b0079a54d61bb2b427889308229e23095,0061ab2,v0.2-voice-params,-0.296,-0.053,0.004,Q3
controlled,2026-07-26_1733_sapi_e6_realtest,c26f055638,B17b1ac,2026-07-26T16:33:39.186267+00:00,sapi5xml,rate_volume_pitch,S02,Q4,0.6,-0.6,0.7,0.928,0.65,1.042,yes,7.438,yes,fixed-text,"She placed the grey folder on the shelf, checked the list of names again, and returned to the meeting room.",research\sessions\2026-07-26_1733_sapi_e6_realtest\audio\sapi5xml\rate_volume_pitch\S02_Q4.wav,4be4f129402fbea5d9b651243e875d6d6fb9d1e172a23a504040e1e7f505bcad,0061ab2,v0.2-voice-params,-0.217,-0.049,0.038,Q3
controlled,2026-07-26_1733_sapi_e6_realtest,d29751c359,B73576d,2026-07-26T16:33:38.818703+00:00,sapi5xml,rate_volume_pitch,S01,Q3,-0.6,-0.6,0.7,0.832,0.71,0.8,yes,9.843,yes,fixed-text,"The train from the coast reaches the station after noon, and the passengers collect their bags before the doors open.",research\sessions\2026-07-26_1733_sapi_e6_realtest\audio\sapi5xml\rate_volume_pitch\S01_Q3.wav,3d9833f5fc5b903ff7826d370b4375820518a7e9efde8bf155b53b5a103d1304,0061ab2,v0.2-voice-params,-0.345,-0.097,-0.054,Q3
controlled,2026-07-26_1733_sapi_e6_realtest,dcb9e97283,B5c345e,2026-07-26T16:33:39.591272+00:00,sapi5xml,rate_volume_pitch,S04,Q1,0.6,0.6,0.7,1.168,0.89,1.2,yes,4.021,yes,fixed-text,The report on the table covers the past three months and will be read by the committee later next week.,research\sessions\2026-07-26_1733_sapi_e6_realtest\audio\sapi5xml\rate_volume_pitch\S04_Q1.wav,3af4d20efcb6f4f9647cb0a38d1a366800c6ed44bc7544ae011a5e0693bd19aa,0061ab2,v0.2-voice-params,0.049,0.139,0.141,Q1
controlled,2026-07-26_1733_sapi_e6_realtest,de31f4fbb6,B066471,2026-07-26T16:33:39.659268+00:00,sapi5xml,rate_volume_pitch,S04,Q2,-0.6,0.6,0.7,1.072,0.95,0.958,yes,5.04,yes,fixed-text,The report on the table covers the past three months and will be read by the committee later next week.,research\sessions\2026-07-26_1733_sapi_e6_realtest\audio\sapi5xml\rate_volume_pitch\S04_Q2.wav,3803d8bc0453ee13adf224302164e47d1f22e3aff0506d2e5313f0e5cfee169f,0061ab2,v0.2-voice-params,-0.151,0.068,0.031,Q4
controlled,2026-07-26_1733_sapi_e6_realtest,f455cc5139,B4e17c7,2026-07-26T16:33:38.995267+00:00,sapi5xml,rate_volume_pitch,S02,Q1,0.6,0.6,0.7,1.168,0.89,1.2,yes,4.718,yes,fixed-text,"She placed the grey folder on the shelf, checked the list of names again, and returned to the meeting room.",research\sessions\2026-07-26_1733_sapi_e6_realtest\audio\sapi5xml\rate_volume_pitch\S02_Q1.wav,2169a645013d0116d054700c78a0fb2366465aaf68630b5ade90d960181bd217,0061ab2,v0.2-voice-params,0.073,0.012,0.221,Q1
controlled,2026-07-26_1733_sapi_e6_realtest,f6e214786a,B66c22d,2026-07-26T16:33:40.026267+00:00,sapi5xml,rate_volume_pitch,S05,Q2,-0.6,0.6,0.7,1.072,0.95,0.958,yes,5.863,yes,fixed-text,"He parked near the corner shop, bought a loaf of bread and a carton of milk, and walked home slowly.",research\sessions\2026-07-26_1733_sapi_e6_realtest\audio\sapi5xml\rate_volume_pitch\S05_Q2.wav,e36589a1e7c710f829fbbe88b470dd2d8b46cc8bdf0ba88500df84ba5f7df46f,0061ab2,v0.2-voice-params,-0.017,0.049,0.187,Q4
controlled,2026-07-26_1733_sapi_e6_realtest,f9f737544e,B09a684,2026-07-26T16:33:39.247268+00:00,sapi5xml,rate_volume_pitch,S03,Q1,0.6,0.6,0.7,1.168,0.89,1.2,yes,4.549,yes,fixed-text,"After the rain had stopped, the workers opened the gates and stacked the empty boxes along the far wall.",research\sessions\2026-07-26_1733_sapi_e6_realtest\audio\sapi5xml\rate_volume_pitch\S03_Q1.wav,48aa7d1543427915f5b5aa3a54f3c9f818121709c4b9c1e9ff24f283437eaac0,0061ab2,v0.2-voice-params,0.079,-0.277,0.181,Q2
controlled,2026-07-26_1733_sapi_e6_realtest,fb278f842f,B7cc309,2026-07-26T16:33:38.649133+00:00,sapi5xml,rate_volume_pitch,S01,Q1,0.6,0.6,0.7,1.168,0.89,1.2,yes,4.998,yes,fixed-text,"The train from the coast reaches the station after noon, and the passengers collect their bags before the doors open.",research\sessions\2026-07-26_1733_sapi_e6_realtest\audio\sapi5xml\rate_volume_pitch\S01_Q1.wav,1addda84f4f649b6ed3e160a64d0fd2c9e1b12bc3f06979b0547495de179919f,0061ab2,v0.2-voice-params,0.071,-0.001,0.194,Q2
controlled,2026-07-26_2340_espeak_check,1d0375e86e,B326cc7,2026-07-26T22:40:43.362809+00:00,espeak,rate_volume_pitch,S03,Q1,0.6,0.6,0.7,1.168,0.89,1.2,yes,5.05,yes,fixed-text,"After the rain had stopped, the workers opened the gates and stacked the empty boxes along the far wall.",research\sessions\2026-07-26_2340_espeak_check\audio\espeak\rate_volume_pitch\S03_Q1.wav,8d6dc74d22de44e880f6714628df201e7f940ba05ac7bdb45b4f666d78d5a663,f86923c,v0.3-evaluation,0.069,-0.161,0.101,Q2
controlled,2026-07-26_2340_espeak_check,29818eee10,Be689ef,2026-07-26T22:40:44.882341+00:00,espeak,rate_volume_pitch,S05,Q3,-0.6,-0.6,0.7,0.832,0.71,0.8,yes,6.831,yes,fixed-text,"He parked near the corner shop, bought a loaf of bread and a carton of milk, and walked home slowly.",research\sessions\2026-07-26_2340_espeak_check\audio\espeak\rate_volume_pitch\S05_Q3.wav,43902c81dc182381d534f162a0e548d93ac3a39fa8bb6ad95d449aaeafeeeba6,f86923c,v0.3-evaluation,-0.043,0.105,0.091,Q4
controlled,2026-07-26_2340_espeak_check,2e0ad3ea45,Be69302,2026-07-26T22:40:42.325149+00:00,espeak,rate_volume_pitch,S01,Q2,-0.6,0.6,0.7,1.072,0.95,0.958,yes,5.877,yes,fixed-text,"The train from the coast reaches the station after noon, and the passengers collect their bags before the doors open.",research\sessions\2026-07-26_2340_espeak_check\audio\espeak\rate_volume_pitch\S01_Q2.wav,69736af3f6b635de1118161e2bb90d967f1fbae0293ee8d44341111c5e411f5b,f86923c,v0.3-evaluation,0.032,0.153,0.122,Q1
controlled,2026-07-26_2340_espeak_check,30f0e41747,Be1c402,2026-07-26T22:40:42.583090+00:00,espeak,rate_volume_pitch,S01,Q4,0.6,-0.6,0.7,0.928,0.65,1.042,yes,6.814,yes,fixed-text,"The train from the coast reaches the station after noon, and the passengers collect their bags before the doors open.",research\sessions\2026-07-26_2340_espeak_check\audio\espeak\rate_volume_pitch\S01_Q4.wav,ada9826add2763f56eca3e5de8fa07cf711e7713d3612ef97335758cc1b7fe20,f86923c,v0.3-evaluation,-0.007,0.151,0.102,Q4
controlled,2026-07-26_2340_espeak_check,3ed0903b15,Be51c14,2026-07-26T22:40:45.021348+00:00,espeak,rate_volume_pitch,S05,Q4,0.6,-0.6,0.7,0.928,0.65,1.042,yes,6.065,yes,fixed-text,"He parked near the corner shop, bought a loaf of bread and a carton of milk, and walked home slowly.",research\sessions\2026-07-26_2340_espeak_check\audio\espeak\rate_volume_pitch\S05_Q4.wav,0b004f9b26de9c2aa03f99c98ce4042026366c7ad071f11ac27f1694e5984c65,f86923c,v0.3-evaluation,0.152,0.206,0.245,Q1
controlled,2026-07-26_2340_espeak_check,4521ddccf8,B5e23ca,2026-07-26T22:40:42.938220+00:00,espeak,rate_volume_pitch,S02,Q2,-0.6,0.6,0.7,1.072,0.95,0.958,yes,5.333,yes,fixed-text,"She placed the grey folder on the shelf, checked the list of names again, and returned to the meeting room.",research\sessions\2026-07-26_2340_espeak_check\audio\espeak\rate_volume_pitch\S02_Q2.wav,9c4a30db0455b225b7a5dbd0d9d58ac7ab5f365c2e363a9cb976533e72978282,f86923c,v0.3-evaluation,0.061,0.14,0.153,Q1
controlled,2026-07-26_2340_espeak_check,4e979bfaf6,B2a91a4,2026-07-26T22:40:44.205653+00:00,espeak,rate_volume_pitch,S04,Q2,-0.6,0.6,0.7,1.072,0.95,0.958,yes,4.969,yes,fixed-text,The report on the table covers the past three months and will be read by the committee later next week.,research\sessions\2026-07-26_2340_espeak_check\audio\espeak\rate_volume_pitch\S04_Q2.wav,af82a08bf55eb6a07c693271bef329bf0e5b75f25f8138890906852987b960d9,f86923c,v0.3-evaluation,-0.071,0.15,0.004,Q4
controlled,2026-07-26_2340_espeak_check,519b1de40c,B1c7e56,2026-07-26T22:40:43.235815+00:00,espeak,rate_volume_pitch,S02,Q4,0.6,-0.6,0.7,0.928,0.65,1.042,yes,6.24,yes,fixed-text,"She placed the grey folder on the shelf, checked the list of names again, and returned to the meeting room.",research\sessions\2026-07-26_2340_espeak_check\audio\espeak\rate_volume_pitch\S02_Q4.wav,88eae5daccaaf82574fd7e09e0bb2bd53c81cb43310583ac6e3615ff6ee049d5,f86923c,v0.3-evaluation,-0.013,0.143,0.096,Q4
controlled,2026-07-26_2340_espeak_check,59e9038b50,Bdf3aa9,2026-07-26T22:40:44.068652+00:00,espeak,rate_volume_pitch,S04,Q1,0.6,0.6,0.7,1.168,0.89,1.2,yes,4.583,yes,fixed-text,The report on the table covers the past three months and will be read by the committee later next week.,research\sessions\2026-07-26_2340_espeak_check\audio\espeak\rate_volume_pitch\S04_Q1.wav,b2fa772d80c4250feef1e71aa04f05d909c2ac8e4eb9807a761e43ac294ab319,f86923c,v0.3-evaluation,0.066,0.17,0.089,Q1
controlled,2026-07-26_2340_espeak_check,73aa59558e,Bc18116,2026-07-26T22:40:42.709219+00:00,espeak,rate_volume_pitch,S02,Q1,0.6,0.6,0.7,1.168,0.89,1.2,yes,4.907,yes,fixed-text,"She placed the grey folder on the shelf, checked the list of names again, and returned to the meeting room.",research\sessions\2026-07-26_2340_espeak_check\audio\espeak\rate_volume_pitch\S02_Q1.wav,0c28b0579f879dced04458435c938e2e3fe317484866cc004d5777b7983a8a1b,f86923c,v0.3-evaluation,0.18,0.199,0.22,Q1
controlled,2026-07-26_2340_espeak_check,861cb45ed2,Bdcf564,2026-07-26T22:40:42.436149+00:00,espeak,rate_volume_pitch,S01,Q3,-0.6,-0.6,0.7,0.832,0.71,0.8,yes,7.562,yes,fixed-text,"The train from the coast reaches the station after noon, and the passengers collect their bags before the doors open.",research\sessions\2026-07-26_2340_espeak_check\audio\espeak\rate_volume_pitch\S01_Q3.wav,38f3b70bc47a9552619749819aa50fdc77a3f7bb632d2c980dece3aa6c6033d6,f86923c,v0.3-evaluation,-0.141,0.074,0.015,Q4
controlled,2026-07-26_2340_espeak_check,86d18bd77b,B5668bb,2026-07-26T22:40:44.751346+00:00,espeak,rate_volume_pitch,S05,Q2,-0.6,0.6,0.7,1.072,0.95,0.958,yes,5.138,yes,fixed-text,"He parked near the corner shop, bought a loaf of bread and a carton of milk, and walked home slowly.",research\sessions\2026-07-26_2340_espeak_check\audio\espeak\rate_volume_pitch\S05_Q2.wav,8ee12b158553f354e892395f1bf6a173f0474599975a93262dfa8c4a31b9eaa0,f86923c,v0.3-evaluation,0.191,0.236,0.26,Q1
controlled,2026-07-26_2340_espeak_check,93d00b9e9a,B7ac380,2026-07-26T22:40:44.622340+00:00,espeak,rate_volume_pitch,S05,Q1,0.6,0.6,0.7,1.168,0.89,1.2,yes,4.716,yes,fixed-text,"He parked near the corner shop, bought a loaf of bread and a carton of milk, and walked home slowly.",research\sessions\2026-07-26_2340_espeak_check\audio\espeak\rate_volume_pitch\S05_Q1.wav,2857fb63d2db584e4bad548ce6135efdc630323cc6c7d8319bfaf4ef1e43d95a,f86923c,v0.3-evaluation,0.319,0.251,0.34,Q1
controlled,2026-07-26_2340_espeak_check,af5684b13d,B24b265,2026-07-26T22:40:43.536810+00:00,espeak,rate_volume_pitch,S03,Q2,-0.6,0.6,0.7,1.072,0.95,0.958,yes,5.526,yes,fixed-text,"After the rain had stopped, the workers opened the gates and stacked the empty boxes along the far wall.",research\sessions\2026-07-26_2340_espeak_check\audio\espeak\rate_volume_pitch\S03_Q2.wav,d7c282846553a102be3d3b0645b09304f365ae86962f410dd833eba2eedaf638,f86923c,v0.3-evaluation,-0.023,-0.113,0.069,Q3
controlled,2026-07-26_2340_espeak_check,b0d31cc2ed,B0d055a,2026-07-26T22:40:43.927690+00:00,espeak,rate_volume_pitch,S03,Q4,0.6,-0.6,0.7,0.928,0.65,1.042,yes,6.432,yes,fixed-text,"After the rain had stopped, the workers opened the gates and stacked the empty boxes along the far wall.",research\sessions\2026-07-26_2340_espeak_check\audio\espeak\rate_volume_pitch\S03_Q4.wav,8572eb63d148efe786d78a4a5242f1b13dbb5cb795d4393494a653c05311e020,f86923c,v0.3-evaluation,-0.117,-0.082,-0.006,Q3
controlled,2026-07-26_2340_espeak_check,bfb9050f1a,B06b6a2,2026-07-26T22:40:43.742815+00:00,espeak,rate_volume_pitch,S03,Q3,-0.6,-0.6,0.7,0.832,0.71,0.8,yes,7.183,yes,fixed-text,"After the rain had stopped, the workers opened the gates and stacked the empty boxes along the far wall.",research\sessions\2026-07-26_2340_espeak_check\audio\espeak\rate_volume_pitch\S03_Q3.wav,3e00edfbeeabda3f382e25cbca8000413f47af2f812fe9ccb7eff7beb524006d,f86923c,v0.3-evaluation,-0.295,-0.145,-0.117,Q3
controlled,2026-07-26_2340_espeak_check,c2ae8dad23,B06b3e8,2026-07-26T22:40:42.219162+00:00,espeak,rate_volume_pitch,S01,Q1,0.6,0.6,0.7,1.168,0.89,1.2,yes,5.403,yes,fixed-text,"The train from the coast reaches the station after noon, and the passengers collect their bags before the doors open.",research\sessions\2026-07-26_2340_espeak_check\audio\espeak\rate_volume_pitch\S01_Q1.wav,809fddf0f920dbf36c8f7b0ecba0a88620beb74eb0ac3a48d66d70717d430472,f86923c,v0.3-evaluation,0.182,0.131,0.215,Q1
controlled,2026-07-26_2340_espeak_check,d99e569f88,B87dd17,2026-07-26T22:40:43.088212+00:00,espeak,rate_volume_pitch,S02,Q3,-0.6,-0.6,0.7,0.832,0.71,0.8,yes,6.895,yes,fixed-text,"She placed the grey folder on the shelf, checked the list of names again, and returned to the meeting room.",research\sessions\2026-07-26_2340_espeak_check\audio\espeak\rate_volume_pitch\S02_Q3.wav,5bcb47eb87d3d2e6e965b73342b276a860a934ec2e0b422fbc99f95e6b9d7cf7,f86923c,v0.3-evaluation,-0.194,0.091,-0.024,Q4
controlled,2026-07-26_2340_espeak_check,f73c2a91e5,B331bcc,2026-07-26T22:40:44.364656+00:00,espeak,rate_volume_pitch,S04,Q3,-0.6,-0.6,0.7,0.832,0.71,0.8,yes,6.408,yes,fixed-text,The report on the table covers the past three months and will be read by the committee later next week.,research\sessions\2026-07-26_2340_espeak_check\audio\espeak\rate_volume_pitch\S04_Q3.wav,deea7f9d2c830e7b280d01a6dcc3e7461ad77189e98c0c11bbca645549fc35e9,f86923c,v0.3-evaluation,-0.291,0.034,-0.121,Q4
controlled,2026-07-26_2340_espeak_check,fd7bec6e19,B516434,2026-07-26T22:40:44.489654+00:00,espeak,rate_volume_pitch,S04,Q4,0.6,-0.6,0.7,0.928,0.65,1.042,yes,5.759,yes,fixed-text,The report on the table covers the past three months and will be read by the committee later next week.,research\sessions\2026-07-26_2340_espeak_check\audio\espeak\rate_volume_pitch\S04_Q4.wav,8994742eab1e276efabab9c90c6b4eefd8e66559a91674a1e87375c3bf3ed03c,f86923c,v0.3-evaluation,-0.155,0.076,-0.046,Q4
controlled,2026-07-27_0015_kokoro_check,0d9952bec2,B50f9cf,2026-07-26T23:20:13.187376+00:00,kokoro,rate_volume_pitch,S01,Q4,0.6,-0.6,0.7,0.928,0.65,1.042,no,6.827,yes,fixed-text,"The train from the coast reaches the station after noon, and the passengers collect their bags before the doors open.",research\sessions\2026-07-27_0015_kokoro_check\audio\kokoro\rate_volume_pitch\S01_Q4.wav,9c6c489dd87090703f7e860c9c7b32acc4636c8458914a9997d78ac4aaed3e96,45194fe,v0.3-evaluation,-0.119,-0.102,0.089,Q3
controlled,2026-07-27_0015_kokoro_check,1f8b11fcca,B6183ce,2026-07-26T23:20:02.603054+00:00,kokoro,rate_volume_pitch,S01,Q1,0.6,0.6,0.7,1.168,0.89,1.2,no,5.931,yes,fixed-text,"The train from the coast reaches the station after noon, and the passengers collect their bags before the doors open.",research\sessions\2026-07-27_0015_kokoro_check\audio\kokoro\rate_volume_pitch\S01_Q1.wav,e89503cab7ba32d5722889bf90e8e27bcfebaeeed05d98f30ba37bf551caf588,45194fe,v0.3-evaluation,-0.057,-0.099,0.123,Q3
controlled,2026-07-27_0015_kokoro_check,58e9a0b54c,Bfa3f07,2026-07-26T23:20:15.781538+00:00,kokoro,rate_volume_pitch,S02,Q1,0.6,0.6,0.7,1.168,0.89,1.2,no,5.184,yes,fixed-text,"She placed the grey folder on the shelf, checked the list of names again, and returned to the meeting room.",research\sessions\2026-07-27_0015_kokoro_check\audio\kokoro\rate_volume_pitch\S02_Q1.wav,84831a01ec76bba4ffdffa8493b5b61b562ae3e12ac70335e57e799fda84ac98,45194fe,v0.3-evaluation,-0.003,-0.066,0.162,Q3
controlled,2026-07-27_0015_kokoro_check,6461ef42f3,B0541d9,2026-07-26T23:20:21.318782+00:00,kokoro,rate_volume_pitch,S02,Q3,-0.6,-0.6,0.7,0.832,0.71,0.8,no,6.421,yes,fixed-text,"She placed the grey folder on the shelf, checked the list of names again, and returned to the meeting room.",research\sessions\2026-07-27_0015_kokoro_check\audio\kokoro\rate_volume_pitch\S02_Q3.wav,9d0296dcf21457b8a8975ee49ba53180b8b5fed077fa4e3144c4318f6296436d,45194fe,v0.3-evaluation,-0.063,-0.093,0.128,Q3
controlled,2026-07-27_0015_kokoro_check,7319275e72,B9690ca,2026-07-26T23:20:47.324460+00:00,kokoro,rate_volume_pitch,S04,Q2,-0.6,0.6,0.7,1.072,0.95,0.958,no,5.291,yes,fixed-text,The report on the table covers the past three months and will be read by the committee later next week.,research\sessions\2026-07-27_0015_kokoro_check\audio\kokoro\rate_volume_pitch\S04_Q2.wav,2edbb15833e57816b78c9effe71a44dd7d0adcecfd37dfacd4670c8ba25f924b,45194fe,v0.3-evaluation,-0.107,0.043,0.068,Q4
controlled,2026-07-27_0015_kokoro_check,84a656765c,B785b9a,2026-07-26T23:21:05.431607+00:00,kokoro,rate_volume_pitch,S05,Q4,0.6,-0.6,0.7,0.928,0.65,1.042,no,5.632,yes,fixed-text,"He parked near the corner shop, bought a loaf of bread and a carton of milk, and walked home slowly.",research\sessions\2026-07-27_0015_kokoro_check\audio\kokoro\rate_volume_pitch\S05_Q4.wav,3dc6b80c74cd0be5faa9e815a65ed9e64078a10ed52dda98ee209b1905ae9bb0,45194fe,v0.3-evaluation,-0.035,-0.001,0.157,Q3
controlled,2026-07-27_0015_kokoro_check,8b040c3d8f,B1936bd,2026-07-26T23:20:09.807193+00:00,kokoro,rate_volume_pitch,S01,Q3,-0.6,-0.6,0.7,0.832,0.71,0.8,no,7.424,yes,fixed-text,"The train from the coast reaches the station after noon, and the passengers collect their bags before the doors open.",research\sessions\2026-07-27_0015_kokoro_check\audio\kokoro\rate_volume_pitch\S01_Q3.wav,9ce40259bf3c35fbd4b4e81c4557acea4d6b6ebe6026261178188b2c1b1adc05,45194fe,v0.3-evaluation,-0.141,-0.114,0.069,Q3
controlled,2026-07-27_0015_kokoro_check,a008553bb9,Bdce27d,2026-07-26T23:20:56.312889+00:00,kokoro,rate_volume_pitch,S05,Q1,0.6,0.6,0.7,1.168,0.89,1.2,no,4.992,yes,fixed-text,"He parked near the corner shop, bought a loaf of bread and a carton of milk, and walked home slowly.",research\sessions\2026-07-27_0015_kokoro_check\audio\kokoro\rate_volume_pitch\S05_Q1.wav,84b4fcc33f6c00651336d46c69168531c4366b3fdd8d28a31f573bd99352e7e3,45194fe,v0.3-evaluation,0.024,0.035,0.198,Q1
controlled,2026-07-27_0015_kokoro_check,a4f08e8390,Bccd555,2026-07-26T23:20:37.986227+00:00,kokoro,rate_volume_pitch,S03,Q3,-0.6,-0.6,0.7,0.832,0.71,0.8,no,6.613,yes,fixed-text,"After the rain had stopped, the workers opened the gates and stacked the empty boxes along the far wall.",research\sessions\2026-07-27_0015_kokoro_check\audio\kokoro\rate_volume_pitch\S03_Q3.wav,9825d362b7e441a8b19dfdd63c188eaa7941717376813b960c6d69083460b09d,45194fe,v0.3-evaluation,-0.159,-0.336,0.033,Q3
controlled,2026-07-27_0015_kokoro_check,ab99afb772,B07ff8f,2026-07-26T23:20:41.623120+00:00,kokoro,rate_volume_pitch,S03,Q4,0.6,-0.6,0.7,0.928,0.65,1.042,no,5.867,yes,fixed-text,"After the rain had stopped, the workers opened the gates and stacked the empty boxes along the far wall.",research\sessions\2026-07-27_0015_kokoro_check\audio\kokoro\rate_volume_pitch\S03_Q4.wav,acd0bf4bb46ed2abb1a91ad75b9968468b9ab29a9bc1126800baaf9ad12d3c29,45194fe,v0.3-evaluation,-0.122,-0.338,0.062,Q3
controlled,2026-07-27_0015_kokoro_check,c2fff5e001,B895a3e,2026-07-26T23:20:28.459631+00:00,kokoro,rate_volume_pitch,S03,Q1,0.6,0.6,0.7,1.168,0.89,1.2,no,5.269,yes,fixed-text,"After the rain had stopped, the workers opened the gates and stacked the empty boxes along the far wall.",research\sessions\2026-07-27_0015_kokoro_check\audio\kokoro\rate_volume_pitch\S03_Q1.wav,6848b4f68e047e3611d07a26e9930c9c739f419ca024a175a14d813917ce236c,45194fe,v0.3-evaluation,-0.098,-0.328,0.072,Q3
controlled,2026-07-27_0015_kokoro_check,c9f1c33539,B95e233,2026-07-26T23:20:25.132458+00:00,kokoro,rate_volume_pitch,S02,Q4,0.6,-0.6,0.7,0.928,0.65,1.042,no,5.76,yes,fixed-text,"She placed the grey folder on the shelf, checked the list of names again, and returned to the meeting room.",research\sessions\2026-07-27_0015_kokoro_check\audio\kokoro\rate_volume_pitch\S02_Q4.wav,70135e3141a50111894f6594a36c6942592eccabd38e438f8a4c805d1650666a,45194fe,v0.3-evaluation,-0.036,-0.081,0.145,Q3
controlled,2026-07-27_0015_kokoro_check,d36d3b5e52,Ba608cc,2026-07-26T23:20:06.004758+00:00,kokoro,rate_volume_pitch,S01,Q2,-0.6,0.6,0.7,1.072,0.95,0.958,no,6.336,yes,fixed-text,"The train from the coast reaches the station after noon, and the passengers collect their bags before the doors open.",research\sessions\2026-07-27_0015_kokoro_check\audio\kokoro\rate_volume_pitch\S01_Q2.wav,605010793ab7503635c29fc6654122d1090099334f2f22167597e720ff79a422,45194fe,v0.3-evaluation,-0.101,-0.113,0.095,Q3
controlled,2026-07-27_0015_kokoro_check,d7cdd1facc,Bc127bf,2026-07-26T23:20:33.687907+00:00,kokoro,rate_volume_pitch,S03,Q2,-0.6,0.6,0.7,1.072,0.95,0.958,no,5.525,yes,fixed-text,"After the rain had stopped, the workers opened the gates and stacked the empty boxes along the far wall.",research\sessions\2026-07-27_0015_kokoro_check\audio\kokoro\rate_volume_pitch\S03_Q2.wav,a4acc15c25b2ff2dab940e7ef75fe690d429086ebfd1b2e884cdc85ec2aa1c49,45194fe,v0.3-evaluation,-0.101,-0.342,0.072,Q3
controlled,2026-07-27_0015_kokoro_check,dc5a7d42c8,Bf0281f,2026-07-26T23:20:59.144345+00:00,kokoro,rate_volume_pitch,S05,Q2,-0.6,0.6,0.7,1.072,0.95,0.958,no,5.227,yes,fixed-text,"He parked near the corner shop, bought a loaf of bread and a carton of milk, and walked home slowly.",research\sessions\2026-07-27_0015_kokoro_check\audio\kokoro\rate_volume_pitch\S05_Q2.wav,f2ad0af5d9e1812541d64b756ce73c2910e446df3506b1db58e1cf510a294b48,45194fe,v0.3-evaluation,0.006,0.017,0.186,Q1
controlled,2026-07-27_0015_kokoro_check,dcb896423e,B7f6d8e,2026-07-26T23:21:02.114808+00:00,kokoro,rate_volume_pitch,S05,Q3,-0.6,-0.6,0.7,0.832,0.71,0.8,no,6.187,yes,fixed-text,"He parked near the corner shop, bought a loaf of bread and a carton of milk, and walked home slowly.",research\sessions\2026-07-27_0015_kokoro_check\audio\kokoro\rate_volume_pitch\S05_Q3.wav,92888df75d23622dd6baed0a0f81213e58089f68b5f0c0cfdab4b269b6267064,45194fe,v0.3-evaluation,-0.066,-0.003,0.141,Q3
controlled,2026-07-27_0015_kokoro_check,e3329f4bec,B8c2f7e,2026-07-26T23:20:53.537586+00:00,kokoro,rate_volume_pitch,S04,Q4,0.6,-0.6,0.7,0.928,0.65,1.042,no,5.781,yes,fixed-text,The report on the table covers the past three months and will be read by the committee later next week.,research\sessions\2026-07-27_0015_kokoro_check\audio\kokoro\rate_volume_pitch\S04_Q4.wav,9d8a7887e2f20f61b5de7c46365b1612e7458a54a210bc90d53e52cf9a793c44,45194fe,v0.3-evaluation,-0.153,0.011,0.036,Q4
controlled,2026-07-27_0015_kokoro_check,e72aec85be,B7a9bc7,2026-07-26T23:20:44.785618+00:00,kokoro,rate_volume_pitch,S04,Q1,0.6,0.6,0.7,1.168,0.89,1.2,no,5.077,yes,fixed-text,The report on the table covers the past three months and will be read by the committee later next week.,research\sessions\2026-07-27_0015_kokoro_check\audio\kokoro\rate_volume_pitch\S04_Q1.wav,1d9bf1a3f9648a238c3a9d0003e341d2cfdb0d11c95a527d397f0b22d171db89,45194fe,v0.3-evaluation,-0.086,0.047,0.075,Q4
controlled,2026-07-27_0015_kokoro_check,ece6b1fd61,B420d2a,2026-07-26T23:20:50.444047+00:00,kokoro,rate_volume_pitch,S04,Q3,-0.6,-0.6,0.7,0.832,0.71,0.8,no,6.421,yes,fixed-text,The report on the table covers the past three months and will be read by the committee later next week.,research\sessions\2026-07-27_0015_kokoro_check\audio\kokoro\rate_volume_pitch\S04_Q3.wav,ef5a30db6335100b9c6f544d1773a0efda9d58b6975c898a78ea5fc37959b386,45194fe,v0.3-evaluation,-0.169,-0.015,0.032,Q3
controlled,2026-07-27_0015_kokoro_check,f415787760,B4c7dd1,2026-07-26T23:20:18.209082+00:00,kokoro,rate_volume_pitch,S02,Q2,-0.6,0.6,0.7,1.072,0.95,0.958,no,5.397,yes,fixed-text,"She placed the grey folder on the shelf, checked the list of names again, and returned to the meeting room.",research\sessions\2026-07-27_0015_kokoro_check\audio\kokoro\rate_volume_pitch\S02_Q2.wav,51ed89330912264dc439107b6e2aa9a2c26f0e66509b859fe37f951ef109c76e,45194fe,v0.3-evaluation,-0.022,-0.054,0.155,Q3
controlled,2026-07-30_0217_chatterbox_x2,0f1ce549cb,B2a6c0d,2026-07-30T01:27:04.081813+00:00,chatterbox,rate_volume_pitch,S03,Q1,0.6,0.6,0.7,1.168,0.89,1.2,no,4.08,yes,fixed-text,"After the rain had stopped, the workers opened the gates and stacked the empty boxes along the far wall.",research\sessions\2026-07-30_0217_chatterbox_x2\audio\chatterbox\rate_volume_pitch\S03_Q1.wav,7095706599fc0a6a3b50d63fbae3ab2073b2adc38ed07507afed0703d4ce54c5,5e7d99b,v0.4-naturalness2,0.251,-0.192,0.326,Q2
controlled,2026-07-30_0217_chatterbox_x2,0fa812db5c,Ba383cd,2026-07-30T01:33:05.311777+00:00,chatterbox,rate_volume_pitch,S04,Q4,0.6,-0.6,0.7,0.928,0.65,1.042,no,4.36,yes,fixed-text,The report on the table covers the past three months and will be read by the committee later next week.,research\sessions\2026-07-30_0217_chatterbox_x2\audio\chatterbox\rate_volume_pitch\S04_Q4.wav,539657521c79fc1a8116fbcd77977e58fd2ff3c797de9ce98a9494432c28a29e,5e7d99b,v0.4-naturalness2,-0.046,0.091,0.103,Q4
controlled,2026-07-30_0217_chatterbox_x2,21698370c1,B6d9a71,2026-07-30T01:22:34.552963+00:00,chatterbox,rate_volume_pitch,S01,Q4,0.6,-0.6,0.7,0.928,0.65,1.042,no,5.44,yes,fixed-text,"The train from the coast reaches the station after noon, and the passengers collect their bags before the doors open.",research\sessions\2026-07-30_0217_chatterbox_x2\audio\chatterbox\rate_volume_pitch\S01_Q4.wav,6bc689e42766bcc0aff7874578b2146319210c9c09f60fffa5aa004a4f8908ba,5e7d99b,v0.4-naturalness2,0.03,-0.008,0.2,Q2
controlled,2026-07-30_0217_chatterbox_x2,2fe570a3ae,Bcf4f64,2026-07-30T01:30:27.452105+00:00,chatterbox,rate_volume_pitch,S04,Q1,0.6,0.6,0.7,1.168,0.89,1.2,no,3.76,yes,fixed-text,The report on the table covers the past three months and will be read by the committee later next week.,research\sessions\2026-07-30_0217_chatterbox_x2\audio\chatterbox\rate_volume_pitch\S04_Q1.wav,9082e087f40f882a2d08f4c815d456695bb2fcd4cf2d5741636f5f1570582888,5e7d99b,v0.4-naturalness2,0.153,0.182,0.244,Q1
controlled,2026-07-30_0217_chatterbox_x2,4d041e87ae,Bc65038,2026-07-30T01:23:58.940248+00:00,chatterbox,rate_volume_pitch,S02,Q2,-0.6,0.6,0.7,1.072,0.95,0.958,no,3.96,yes,fixed-text,"She placed the grey folder on the shelf, checked the list of names again, and returned to the meeting room.",research\sessions\2026-07-30_0217_chatterbox_x2\audio\chatterbox\rate_volume_pitch\S02_Q2.wav,750f6c12b37fe90ff01cee5a314700cfc1f79e5154b85f04de11afe624c492ab,5e7d99b,v0.4-naturalness2,0.3,0.114,0.377,Q1
controlled,2026-07-30_0217_chatterbox_x2,56c564e565,Bd72722,2026-07-30T01:23:18.505985+00:00,chatterbox,rate_volume_pitch,S02,Q1,0.6,0.6,0.7,1.168,0.89,1.2,no,4.08,yes,fixed-text,"She placed the grey folder on the shelf, checked the list of names again, and returned to the meeting room.",research\sessions\2026-07-30_0217_chatterbox_x2\audio\chatterbox\rate_volume_pitch\S02_Q1.wav,fe5b3b6673787a46a660a1753a2c4e22ea92f9c288541dd94a7a7a23b4fb20a0,5e7d99b,v0.4-naturalness2,0.217,0.113,0.307,Q1
controlled,2026-07-30_0217_chatterbox_x2,7734b62711,B11d995,2026-07-30T01:36:10.455858+00:00,chatterbox,rate_volume_pitch,S05,Q4,0.6,-0.6,0.7,0.928,0.65,1.042,no,4.36,yes,fixed-text,"He parked near the corner shop, bought a loaf of bread and a carton of milk, and walked home slowly.",research\sessions\2026-07-30_0217_chatterbox_x2\audio\chatterbox\rate_volume_pitch\S05_Q4.wav,426867d67d9f5942e111abae70d4f86d11569f6c815bfb36bb8c45290725ea2b,5e7d99b,v0.4-naturalness2,0.07,0.143,0.213,Q1
controlled,2026-07-30_0217_chatterbox_x2,82d2421790,B23dc09,2026-07-30T01:20:37.614230+00:00,chatterbox,rate_volume_pitch,S01,Q2,-0.6,0.6,0.7,1.072,0.95,0.958,no,4.52,yes,fixed-text,"The train from the coast reaches the station after noon, and the passengers collect their bags before the doors open.",research\sessions\2026-07-30_0217_chatterbox_x2\audio\chatterbox\rate_volume_pitch\S01_Q2.wav,4cfe3b59c42f8c6a82580de5aec12b706c365951e0a5c931bfddd4ba151a0a1c,5e7d99b,v0.4-naturalness2,0.253,0.083,0.344,Q1
controlled,2026-07-30_0217_chatterbox_x2,86137d9a2f,B8c34ee,2026-07-30T01:25:49.990556+00:00,chatterbox,rate_volume_pitch,S02,Q4,0.6,-0.6,0.7,0.928,0.65,1.042,no,4.16,yes,fixed-text,"She placed the grey folder on the shelf, checked the list of names again, and returned to the meeting room.",research\sessions\2026-07-30_0217_chatterbox_x2\audio\chatterbox\rate_volume_pitch\S02_Q4.wav,b9775013e204d836e8419d50104d1dde4a1ead87212b90ad54addd398f054388,5e7d99b,v0.4-naturalness2,0.027,0.042,0.189,Q1
controlled,2026-07-30_0217_chatterbox_x2,8be1567f72,B325681,2026-07-30T01:32:10.332623+00:00,chatterbox,rate_volume_pitch,S04,Q3,-0.6,-0.6,0.7,0.832,0.71,0.8,no,4.32,yes,fixed-text,The report on the table covers the past three months and will be read by the committee later next week.,research\sessions\2026-07-30_0217_chatterbox_x2\audio\chatterbox\rate_volume_pitch\S04_Q3.wav,8c3371e1192ac71900d506eff8dd84923312600c33e2570e995d1eada17b1d85,5e7d99b,v0.4-naturalness2,-0.036,0.099,0.109,Q4
controlled,2026-07-30_0217_chatterbox_x2,9041f50b80,B20189a,2026-07-30T01:19:32.817275+00:00,chatterbox,rate_volume_pitch,S01,Q1,0.6,0.6,0.7,1.168,0.89,1.2,no,4.4,yes,fixed-text,"The train from the coast reaches the station after noon, and the passengers collect their bags before the doors open.",research\sessions\2026-07-30_0217_chatterbox_x2\audio\chatterbox\rate_volume_pitch\S01_Q1.wav,1c3b8a57156a7c9bd1076a077ae997408a51cc52394a644aa4be246ec4ffe826,5e7d99b,v0.4-naturalness2,0.288,0.061,0.358,Q1
controlled,2026-07-30_0217_chatterbox_x2,9151383744,Bb6728c,2026-07-30T01:33:58.624675+00:00,chatterbox,rate_volume_pitch,S05,Q1,0.6,0.6,0.7,1.168,0.89,1.2,no,4.76,yes,fixed-text,"He parked near the corner shop, bought a loaf of bread and a carton of milk, and walked home slowly.",research\sessions\2026-07-30_0217_chatterbox_x2\audio\chatterbox\rate_volume_pitch\S05_Q1.wav,7842bd0ab4b9b91317f775df739fd04b02406e39fe4dfa56c11b7acb2bdb2b74,5e7d99b,v0.4-naturalness2,0.204,0.103,0.313,Q1
controlled,2026-07-30_0217_chatterbox_x2,962d670285,B880245,2026-07-30T01:21:35.882316+00:00,chatterbox,rate_volume_pitch,S01,Q3,-0.6,-0.6,0.7,0.832,0.71,0.8,no,5.2,yes,fixed-text,"The train from the coast reaches the station after noon, and the passengers collect their bags before the doors open.",research\sessions\2026-07-30_0217_chatterbox_x2\audio\chatterbox\rate_volume_pitch\S01_Q3.wav,5900cec8a57bf1f3c85239e1e15bdf3f878105873b66f360e1eaf2918597cffe,5e7d99b,v0.4-naturalness2,0.056,0.004,0.211,Q1
controlled,2026-07-30_0217_chatterbox_x2,a25353419b,Ba55525,2026-07-30T01:24:44.712714+00:00,chatterbox,rate_volume_pitch,S02,Q3,-0.6,-0.6,0.7,0.832,0.71,0.8,no,4.52,yes,fixed-text,"She placed the grey folder on the shelf, checked the list of names again, and returned to the meeting room.",research\sessions\2026-07-30_0217_chatterbox_x2\audio\chatterbox\rate_volume_pitch\S02_Q3.wav,c387cc100afcd69e5a88cc7094bb98592521bf9cc429dccb7e2d85508f3c82f5,5e7d99b,v0.4-naturalness2,0.016,0.087,0.185,Q1
controlled,2026-07-30_0217_chatterbox_x2,a7944cc9b8,B72f78c,2026-07-30T01:27:46.223105+00:00,chatterbox,rate_volume_pitch,S03,Q2,-0.6,0.6,0.7,1.072,0.95,0.958,no,3.96,yes,fixed-text,"After the rain had stopped, the workers opened the gates and stacked the empty boxes along the far wall.",research\sessions\2026-07-30_0217_chatterbox_x2\audio\chatterbox\rate_volume_pitch\S03_Q2.wav,57335db3729aa8940d0665ee69093221238974dc4e3b55a1a03e44b5f19c3ba2,5e7d99b,v0.4-naturalness2,0.233,-0.138,0.28,Q2
controlled,2026-07-30_0217_chatterbox_x2,bf290b5081,B9c37c0,2026-07-30T01:35:27.603432+00:00,chatterbox,rate_volume_pitch,S05,Q3,-0.6,-0.6,0.7,0.832,0.71,0.8,no,4.72,yes,fixed-text,"He parked near the corner shop, bought a loaf of bread and a carton of milk, and walked home slowly.",research\sessions\2026-07-30_0217_chatterbox_x2\audio\chatterbox\rate_volume_pitch\S05_Q3.wav,bd813e01be67ca55142ec792c1b3f3d7ad9e754ee6e0b844e91d5cf0c389263b,5e7d99b,v0.4-naturalness2,0.009,0.062,0.171,Q1
controlled,2026-07-30_0217_chatterbox_x2,d2c89429c1,B96fb04,2026-07-30T01:29:47.312455+00:00,chatterbox,rate_volume_pitch,S03,Q4,0.6,-0.6,0.7,0.928,0.65,1.042,no,4.48,yes,fixed-text,"After the rain had stopped, the workers opened the gates and stacked the empty boxes along the far wall.",research\sessions\2026-07-30_0217_chatterbox_x2\audio\chatterbox\rate_volume_pitch\S03_Q4.wav,01cea19b4776df64ad58f600912360c9ae43278e33cd4b2bdf742b1148e24293,5e7d99b,v0.4-naturalness2,0.008,-0.15,0.142,Q2
controlled,2026-07-30_0217_chatterbox_x2,e0c70e1c13,Be1168b,2026-07-30T01:28:39.727762+00:00,chatterbox,rate_volume_pitch,S03,Q3,-0.6,-0.6,0.7,0.832,0.71,0.8,no,4.52,yes,fixed-text,"After the rain had stopped, the workers opened the gates and stacked the empty boxes along the far wall.",research\sessions\2026-07-30_0217_chatterbox_x2\audio\chatterbox\rate_volume_pitch\S03_Q3.wav,16582406ba8dab7d27af3aa3a0b364b9f0456c9c6ac361dca9d07e7e18c7899d,5e7d99b,v0.4-naturalness2,-0.004,-0.245,0.119,Q3
controlled,2026-07-30_0217_chatterbox_x2,e32ceed720,B3111d9,2026-07-30T01:31:11.067957+00:00,chatterbox,rate_volume_pitch,S04,Q2,-0.6,0.6,0.7,1.072,0.95,0.958,no,3.4,yes,fixed-text,The report on the table covers the past three months and will be read by the committee later next week.,research\sessions\2026-07-30_0217_chatterbox_x2\audio\chatterbox\rate_volume_pitch\S04_Q2.wav,a075acfa62e1d4f3fd82ed2b0b5c4d1b778771d4cce7f4acc90eaabf7632d5fa,5e7d99b,v0.4-naturalness2,0.237,0.225,0.269,Q1
controlled,2026-07-30_0217_chatterbox_x2,f8e7843b79,Bd0199e,2026-07-30T01:34:42.455942+00:00,chatterbox,rate_volume_pitch,S05,Q2,-0.6,0.6,0.7,1.072,0.95,0.958,no,4.52,yes,fixed-text,"He parked near the corner shop, bought a loaf of bread and a carton of milk, and walked home slowly.",research\sessions\2026-07-30_0217_chatterbox_x2\audio\chatterbox\rate_volume_pitch\S05_Q2.wav,dfcc0b2e1efc97feeb815832233b1a655c81648229d32a417d20b74f23e058ad,5e7d99b,v0.4-naturalness2,0.216,0.218,0.313,Q1
controlled,2026-08-09_1911_chatterbox_x2_refs,0f1ce549cb,B2a6c0d,2026-08-09T18:26:20.630322+00:00,chatterbox,rate_volume_pitch,S03,Q1,0.6,0.6,0.7,1.168,0.89,1.2,no,4.8,yes,fixed-text,"After the rain had stopped, the workers opened the gates and stacked the empty boxes along the far wall.",research\sessions\2026-08-09_1911_chatterbox_x2_refs\audio\chatterbox\rate_volume_pitch\S03_Q1.wav,6039f2bffb176aab28943b261480b6462c91f14e75d20efcb3f4ccabf198563b,55383b5,v0.4-naturalness2,0.16,-0.26,0.222,Q2
controlled,2026-08-09_1911_chatterbox_x2_refs,0fa812db5c,Ba383cd,2026-08-09T18:33:14.969699+00:00,chatterbox,rate_volume_pitch,S04,Q4,0.6,-0.6,0.7,0.928,0.65,1.042,no,5.02,yes,fixed-text,The report on the table covers the past three months and will be read by the committee later next week.,research\sessions\2026-08-09_1911_chatterbox_x2_refs\audio\chatterbox\rate_volume_pitch\S04_Q4.wav,7ba129bf974198dddeca2ed610d7cc5b376d5575c52ab788274146c7f52a5526,55383b5,v0.4-naturalness2,-0.165,0.268,0.036,Q4
controlled,2026-08-09_1911_chatterbox_x2_refs,21698370c1,B6d9a71,2026-08-09T18:20:43.100317+00:00,chatterbox,rate_volume_pitch,S01,Q4,0.6,-0.6,0.7,0.928,0.65,1.042,no,5.58,yes,fixed-text,"The train from the coast reaches the station after noon, and the passengers collect their bags before the doors open.",research\sessions\2026-08-09_1911_chatterbox_x2_refs\audio\chatterbox\rate_volume_pitch\S01_Q4.wav,40acfefcdd71ca97304ca553cf2c00bdce0c26970a71e89d2416e59282869315,55383b5,v0.4-naturalness2,-0.078,0.146,0.105,Q4
controlled,2026-08-09_1911_chatterbox_x2_refs,2fe570a3ae,Bcf4f64,2026-08-09T18:30:20.475180+00:00,chatterbox,rate_volume_pitch,S04,Q1,0.6,0.6,0.7,1.168,0.89,1.2,no,4.32,yes,fixed-text,The report on the table covers the past three months and will be read by the committee later next week.,research\sessions\2026-08-09_1911_chatterbox_x2_refs\audio\chatterbox\rate_volume_pitch\S04_Q1.wav,43b78d661a947c6a4def9a3d059eee8375efa41482f3d07eb727ae11de68124a,55383b5,v0.4-naturalness2,0.191,0.188,0.258,Q1
controlled,2026-08-09_1911_chatterbox_x2_refs,4d041e87ae,Bc65038,2026-08-09T18:22:47.686730+00:00,chatterbox,rate_volume_pitch,S02,Q2,-0.6,0.6,0.7,1.072,0.95,0.958,no,4.32,yes,fixed-text,"She placed the grey folder on the shelf, checked the list of names again, and returned to the meeting room.",research\sessions\2026-08-09_1911_chatterbox_x2_refs\audio\chatterbox\rate_volume_pitch\S02_Q2.wav,fb9bd2aa34afaf7a17ce7ba9ffd310c83534462d5acb2620f9440fdfdaf8282e,55383b5,v0.4-naturalness2,0.488,0.184,0.518,Q1
controlled,2026-08-09_1911_chatterbox_x2_refs,56c564e565,Bd72722,2026-08-09T18:21:45.047754+00:00,chatterbox,rate_volume_pitch,S02,Q1,0.6,0.6,0.7,1.168,0.89,1.2,no,4.84,yes,fixed-text,"She placed the grey folder on the shelf, checked the list of names again, and returned to the meeting room.",research\sessions\2026-08-09_1911_chatterbox_x2_refs\audio\chatterbox\rate_volume_pitch\S02_Q1.wav,dfad42f69f2d26b817647bde69c6817ac343eb00a56455b258461e5ee501386a,55383b5,v0.4-naturalness2,0.231,0.136,0.319,Q1
controlled,2026-08-09_1911_chatterbox_x2_refs,7734b62711,B11d995,2026-08-09T18:37:23.278061+00:00,chatterbox,rate_volume_pitch,S05,Q4,0.6,-0.6,0.7,0.928,0.65,1.042,no,5.1,yes,fixed-text,"He parked near the corner shop, bought a loaf of bread and a carton of milk, and walked home slowly.",research\sessions\2026-08-09_1911_chatterbox_x2_refs\audio\chatterbox\rate_volume_pitch\S05_Q4.wav,d0ae68121df0948020b225804f5892eb54f7aedb6d8393c34f1e86ca4184cdc2,55383b5,v0.4-naturalness2,-0.081,0.159,0.123,Q4
controlled,2026-08-09_1911_chatterbox_x2_refs,82d2421790,B23dc09,2026-08-09T18:18:23.820168+00:00,chatterbox,rate_volume_pitch,S01,Q2,-0.6,0.6,0.7,1.072,0.95,0.958,no,5.12,yes,fixed-text,"The train from the coast reaches the station after noon, and the passengers collect their bags before the doors open.",research\sessions\2026-08-09_1911_chatterbox_x2_refs\audio\chatterbox\rate_volume_pitch\S01_Q2.wav,6a739c686196d7f0198013a01e2b54018d1909a94b0193035dbac1fe949a9e6e,55383b5,v0.4-naturalness2,0.33,-0.015,0.386,Q2
controlled,2026-08-09_1911_chatterbox_x2_refs,86137d9a2f,B8c34ee,2026-08-09T18:25:20.659484+00:00,chatterbox,rate_volume_pitch,S02,Q4,0.6,-0.6,0.7,0.928,0.65,1.042,no,5.14,yes,fixed-text,"She placed the grey folder on the shelf, checked the list of names again, and returned to the meeting room.",research\sessions\2026-08-09_1911_chatterbox_x2_refs\audio\chatterbox\rate_volume_pitch\S02_Q4.wav,0cda9eda413efd11d8dffa0b4ac7413a31a5f1d5a9a813604e1637323b435cc4,55383b5,v0.4-naturalness2,-0.133,0.121,0.064,Q4
controlled,2026-08-09_1911_chatterbox_x2_refs,8be1567f72,B325681,2026-08-09T18:32:13.848550+00:00,chatterbox,rate_volume_pitch,S04,Q3,-0.6,-0.6,0.7,0.832,0.71,0.8,no,4.98,yes,fixed-text,The report on the table covers the past three months and will be read by the committee later next week.,research\sessions\2026-08-09_1911_chatterbox_x2_refs\audio\chatterbox\rate_volume_pitch\S04_Q3.wav,d60370ba027d8dceb5de5bebd30f64463ef2a2059071357f8b1440b8bd82e015,55383b5,v0.4-naturalness2,-0.028,0.189,0.102,Q4
controlled,2026-08-09_1911_chatterbox_x2_refs,9041f50b80,B20189a,2026-08-09T18:17:14.112893+00:00,chatterbox,rate_volume_pitch,S01,Q1,0.6,0.6,0.7,1.168,0.89,1.2,no,5.44,yes,fixed-text,"The train from the coast reaches the station after noon, and the passengers collect their bags before the doors open.",research\sessions\2026-08-09_1911_chatterbox_x2_refs\audio\chatterbox\rate_volume_pitch\S01_Q1.wav,7cd9b8668b3f436d548a9f38aaeb244e70e100d4e5a6c88a1be9b6c5e0c98aff,55383b5,v0.4-naturalness2,0.146,0.032,0.255,Q1
controlled,2026-08-09_1911_chatterbox_x2_refs,9151383744,Bb6728c,2026-08-09T18:34:16.267826+00:00,chatterbox,rate_volume_pitch,S05,Q1,0.6,0.6,0.7,1.168,0.89,1.2,no,4.84,yes,fixed-text,"He parked near the corner shop, bought a loaf of bread and a carton of milk, and walked home slowly.",research\sessions\2026-08-09_1911_chatterbox_x2_refs\audio\chatterbox\rate_volume_pitch\S05_Q1.wav,4d17e9175c9f3f639842e7cce1a04d4d6968f9802e25e4dfaa6a93cc89404a18,55383b5,v0.4-naturalness2,0.248,0.122,0.333,Q1
controlled,2026-08-09_1911_chatterbox_x2_refs,962d670285,B880245,2026-08-09T18:19:38.873519+00:00,chatterbox,rate_volume_pitch,S01,Q3,-0.6,-0.6,0.7,0.832,0.71,0.8,no,6.02,yes,fixed-text,"The train from the coast reaches the station after noon, and the passengers collect their bags before the doors open.",research\sessions\2026-08-09_1911_chatterbox_x2_refs\audio\chatterbox\rate_volume_pitch\S01_Q3.wav,bd63c6c5b948295763c3ddec0c2091a7f6002fda65359b8d81c3f1077add9429,55383b5,v0.4-naturalness2,-0.114,-0.068,0.074,Q3
controlled,2026-08-09_1911_chatterbox_x2_refs,a25353419b,Ba55525,2026-08-09T18:24:12.658051+00:00,chatterbox,rate_volume_pitch,S02,Q3,-0.6,-0.6,0.7,0.832,0.71,0.8,no,5.54,yes,fixed-text,"She placed the grey folder on the shelf, checked the list of names again, and returned to the meeting room.",research\sessions\2026-08-09_1911_chatterbox_x2_refs\audio\chatterbox\rate_volume_pitch\S02_Q3.wav,8aefe91045d30769306e9e1e8ee0f8b5109f3d4639e71735007ad8916fe48ba3,55383b5,v0.4-naturalness2,-0.053,0.086,0.119,Q4
controlled,2026-08-09_1911_chatterbox_x2_refs,a7944cc9b8,B72f78c,2026-08-09T18:27:14.365250+00:00,chatterbox,rate_volume_pitch,S03,Q2,-0.6,0.6,0.7,1.072,0.95,0.958,no,4.68,yes,fixed-text,"After the rain had stopped, the workers opened the gates and stacked the empty boxes along the far wall.",research\sessions\2026-08-09_1911_chatterbox_x2_refs\audio\chatterbox\rate_volume_pitch\S03_Q2.wav,d1f2771b132c9985bfabb783c63d0a8f446829bc4c58be4fedb844453fa8bcf4,55383b5,v0.4-naturalness2,0.343,-0.158,0.388,Q2
controlled,2026-08-09_1911_chatterbox_x2_refs,bf290b5081,B9c37c0,2026-08-09T18:36:14.163034+00:00,chatterbox,rate_volume_pitch,S05,Q3,-0.6,-0.6,0.7,0.832,0.71,0.8,no,5.42,yes,fixed-text,"He parked near the corner shop, bought a loaf of bread and a carton of milk, and walked home slowly.",research\sessions\2026-08-09_1911_chatterbox_x2_refs\audio\chatterbox\rate_volume_pitch\S05_Q3.wav,49a82b1799a977e6ffae7f0a8d96052b5f1b61978290c480797697919b424694,55383b5,v0.4-naturalness2,-0.05,0.043,0.124,Q4
controlled,2026-08-09_1911_chatterbox_x2_refs,d2c89429c1,B96fb04,2026-08-09T18:29:27.236576+00:00,chatterbox,rate_volume_pitch,S03,Q4,0.6,-0.6,0.7,0.928,0.65,1.042,no,5.22,yes,fixed-text,"After the rain had stopped, the workers opened the gates and stacked the empty boxes along the far wall.",research\sessions\2026-08-09_1911_chatterbox_x2_refs\audio\chatterbox\rate_volume_pitch\S03_Q4.wav,9b24bbfc65d4527f887a942c2a5b8bf0bfc405091bceba1169556e61e70822bf,55383b5,v0.4-naturalness2,-0.098,-0.101,0.071,Q3
controlled,2026-08-09_1911_chatterbox_x2_refs,e0c70e1c13,Be1168b,2026-08-09T18:28:19.447553+00:00,chatterbox,rate_volume_pitch,S03,Q3,-0.6,-0.6,0.7,0.832,0.71,0.8,no,5.14,yes,fixed-text,"After the rain had stopped, the workers opened the gates and stacked the empty boxes along the far wall.",research\sessions\2026-08-09_1911_chatterbox_x2_refs\audio\chatterbox\rate_volume_pitch\S03_Q3.wav,075bfae10d008fc09e040e056f15933237ec9f04920a556396be987123cc5c09,55383b5,v0.4-naturalness2,-0.038,-0.217,0.094,Q3
controlled,2026-08-09_1911_chatterbox_x2_refs,e32ceed720,B3111d9,2026-08-09T18:31:13.885048+00:00,chatterbox,rate_volume_pitch,S04,Q2,-0.6,0.6,0.7,1.072,0.95,0.958,no,4.4,yes,fixed-text,The report on the table covers the past three months and will be read by the committee later next week.,research\sessions\2026-08-09_1911_chatterbox_x2_refs\audio\chatterbox\rate_volume_pitch\S04_Q2.wav,b17b53a83f4d7399a8b686a29a637fb21628500bcb7f8bbae4f05e3b8084e6cc,55383b5,v0.4-naturalness2,0.298,0.25,0.359,Q1
controlled,2026-08-09_1911_chatterbox_x2_refs,f8e7843b79,Bd0199e,2026-08-09T18:34:59.986454+00:00,chatterbox,rate_volume_pitch,S05,Q2,-0.6,0.6,0.7,1.072,0.95,0.958,no,4.32,yes,fixed-text,"He parked near the corner shop, bought a loaf of bread and a carton of milk, and walked home slowly.",research\sessions\2026-08-09_1911_chatterbox_x2_refs\audio\chatterbox\rate_volume_pitch\S05_Q2.wav,70058f4f922ea9a855dea8c7d662f36f2b2cd7d308a22580f38fb89568eefe5d,55383b5,v0.4-naturalness2,0.547,0.286,0.561,Q1
controlled,2026-08-09_2337_chatterbox_x2_ravdess,0f1ce549cb,B2a6c0d,2026-08-09T22:51:09.380492+00:00,chatterbox,rate_volume_pitch,S03,Q1,0.6,0.6,0.7,1.168,0.89,1.2,no,5.3,yes,fixed-text,"After the rain had stopped, the workers opened the gates and stacked the empty boxes along the far wall.",research\sessions\2026-08-09_2337_chatterbox_x2_ravdess\audio\chatterbox\rate_volume_pitch\S03_Q1.wav,669e4d219ee4380392c110e8f6d105ca1d168a15963055e5bbb4b3823f416cf1,74bd32c,v0.4-naturalness2,0.157,-0.22,0.231,Q2
controlled,2026-08-09_2337_chatterbox_x2_ravdess,0fa812db5c,Ba383cd,2026-08-09T22:57:13.735228+00:00,chatterbox,rate_volume_pitch,S04,Q4,0.6,-0.6,0.7,0.928,0.65,1.042,no,5.3,yes,fixed-text,The report on the table covers the past three months and will be read by the committee later next week.,research\sessions\2026-08-09_2337_chatterbox_x2_ravdess\audio\chatterbox\rate_volume_pitch\S04_Q4.wav,4edc65c1bb7f0d493a148f8cdc29504152f1905f72a0a830c0b521297995a7a0,74bd32c,v0.4-naturalness2,-0.335,0.105,-0.119,Q4
controlled,2026-08-09_2337_chatterbox_x2_ravdess,21698370c1,B6d9a71,2026-08-09T22:46:48.122082+00:00,chatterbox,rate_volume_pitch,S01,Q4,0.6,-0.6,0.7,0.928,0.65,1.042,no,5.9,yes,fixed-text,"The train from the coast reaches the station after noon, and the passengers collect their bags before the doors open.",research\sessions\2026-08-09_2337_chatterbox_x2_ravdess\audio\chatterbox\rate_volume_pitch\S01_Q4.wav,e5593e2746e42b8cadb08f1e85d120fe387ff06797a822e96bc51d407d5cca77,74bd32c,v0.4-naturalness2,-0.279,-0.098,-0.059,Q3
controlled,2026-08-09_2337_chatterbox_x2_ravdess,2fe570a3ae,Bcf4f64,2026-08-09T22:54:43.195321+00:00,chatterbox,rate_volume_pitch,S04,Q1,0.6,0.6,0.7,1.168,0.89,1.2,no,5.62,yes,fixed-text,The report on the table covers the past three months and will be read by the committee later next week.,research\sessions\2026-08-09_2337_chatterbox_x2_ravdess\audio\chatterbox\rate_volume_pitch\S04_Q1.wav,653c5afcbb84a1b7c237dd9ead0fbfc06d8cabd01faf5abed5f52b816728eb50,74bd32c,v0.4-naturalness2,0.197,0.102,0.26,Q1
controlled,2026-08-09_2337_chatterbox_x2_ravdess,4d041e87ae,Bc65038,2026-08-09T22:48:35.417492+00:00,chatterbox,rate_volume_pitch,S02,Q2,-0.6,0.6,0.7,1.072,0.95,0.958,no,5.18,yes,fixed-text,"She placed the grey folder on the shelf, checked the list of names again, and returned to the meeting room.",research\sessions\2026-08-09_2337_chatterbox_x2_ravdess\audio\chatterbox\rate_volume_pitch\S02_Q2.wav,f1221c161be73ae4c78108b8e58ff1cd3ffe79b57beb192d5c211da068ba84a2,74bd32c,v0.4-naturalness2,0.538,0.155,0.558,Q1
controlled,2026-08-09_2337_chatterbox_x2_ravdess,56c564e565,Bd72722,2026-08-09T22:47:42.853552+00:00,chatterbox,rate_volume_pitch,S02,Q1,0.6,0.6,0.7,1.168,0.89,1.2,no,4.9,yes,fixed-text,"She placed the grey folder on the shelf, checked the list of names again, and returned to the meeting room.",research\sessions\2026-08-09_2337_chatterbox_x2_ravdess\audio\chatterbox\rate_volume_pitch\S02_Q1.wav,c3f79556f701f608776521484d4353d59608fd6c52355b99e419eadc4a29ef6f,74bd32c,v0.4-naturalness2,0.2,0.005,0.277,Q1
controlled,2026-08-09_2337_chatterbox_x2_ravdess,7734b62711,B11d995,2026-08-09T23:00:44.942942+00:00,chatterbox,rate_volume_pitch,S05,Q4,0.6,-0.6,0.7,0.928,0.65,1.042,no,5.42,yes,fixed-text,"He parked near the corner shop, bought a loaf of bread and a carton of milk, and walked home slowly.",research\sessions\2026-08-09_2337_chatterbox_x2_ravdess\audio\chatterbox\rate_volume_pitch\S05_Q4.wav,46d89862d5b8435eba0d4b40da743bbb8829eed7ff90b13b12055d0a1c4c71b8,74bd32c,v0.4-naturalness2,-0.229,0.096,-0.019,Q4
controlled,2026-08-09_2337_chatterbox_x2_ravdess,82d2421790,B23dc09,2026-08-09T22:44:23.828905+00:00,chatterbox,rate_volume_pitch,S01,Q2,-0.6,0.6,0.7,1.072,0.95,0.958,no,6.86,yes,fixed-text,"The train from the coast reaches the station after noon, and the passengers collect their bags before the doors open.",research\sessions\2026-08-09_2337_chatterbox_x2_ravdess\audio\chatterbox\rate_volume_pitch\S01_Q2.wav,3c9ed79c673a2ccfeb8ad15767542593dd15a546e8fc5409465dbf7f67d0929c,74bd32c,v0.4-naturalness2,0.585,-0.1,0.559,Q2
controlled,2026-08-09_2337_chatterbox_x2_ravdess,86137d9a2f,B8c34ee,2026-08-09T22:50:19.127245+00:00,chatterbox,rate_volume_pitch,S02,Q4,0.6,-0.6,0.7,0.928,0.65,1.042,no,5.34,yes,fixed-text,"She placed the grey folder on the shelf, checked the list of names again, and returned to the meeting room.",research\sessions\2026-08-09_2337_chatterbox_x2_ravdess\audio\chatterbox\rate_volume_pitch\S02_Q4.wav,c4eafc5cf753ee90364117dae7e03395fde588edacb319d5185b64eff01cf4d2,74bd32c,v0.4-naturalness2,-0.266,0.011,-0.066,Q4
controlled,2026-08-09_2337_chatterbox_x2_ravdess,8be1567f72,B325681,2026-08-09T22:56:27.137699+00:00,chatterbox,rate_volume_pitch,S04,Q3,-0.6,-0.6,0.7,0.832,0.71,0.8,no,5.04,yes,fixed-text,The report on the table covers the past three months and will be read by the committee later next week.,research\sessions\2026-08-09_2337_chatterbox_x2_ravdess\audio\chatterbox\rate_volume_pitch\S04_Q3.wav,1d27c8a945d84bb5ca2aecaaabbf1ce543b79c2d26057a27407fffa1da3a1adb,74bd32c,v0.4-naturalness2,-0.281,0.096,-0.098,Q4
controlled,2026-08-09_2337_chatterbox_x2_ravdess,9041f50b80,B20189a,2026-08-09T22:41:57.416919+00:00,chatterbox,rate_volume_pitch,S01,Q1,0.6,0.6,0.7,1.168,0.89,1.2,no,6.1,yes,fixed-text,"The train from the coast reaches the station after noon, and the passengers collect their bags before the doors open.",research\sessions\2026-08-09_2337_chatterbox_x2_ravdess\audio\chatterbox\rate_volume_pitch\S01_Q1.wav,2913794588cddadbe748a96d62a90d67070e7282ddffc4d70725c695d17ef8da,74bd32c,v0.4-naturalness2,0.236,-0.013,0.312,Q2
controlled,2026-08-09_2337_chatterbox_x2_ravdess,9151383744,Bb6728c,2026-08-09T22:57:59.468118+00:00,chatterbox,rate_volume_pitch,S05,Q1,0.6,0.6,0.7,1.168,0.89,1.2,no,4.94,yes,fixed-text,"He parked near the corner shop, bought a loaf of bread and a carton of milk, and walked home slowly.",research\sessions\2026-08-09_2337_chatterbox_x2_ravdess\audio\chatterbox\rate_volume_pitch\S05_Q1.wav,0483444dbcb104cd370126c3559a4c552d30f1cd97c2cea89616869f634aa33a,74bd32c,v0.4-naturalness2,0.169,0.08,0.28,Q1
controlled,2026-08-09_2337_chatterbox_x2_ravdess,962d670285,B880245,2026-08-09T22:45:45.343027+00:00,chatterbox,rate_volume_pitch,S01,Q3,-0.6,-0.6,0.7,0.832,0.71,0.8,no,5.64,yes,fixed-text,"The train from the coast reaches the station after noon, and the passengers collect their bags before the doors open.",research\sessions\2026-08-09_2337_chatterbox_x2_ravdess\audio\chatterbox\rate_volume_pitch\S01_Q3.wav,df4d4c6eaeb99f9028b4a81f1ecf5e63c57d46f089aa002ea6a40ad5951fc598,74bd32c,v0.4-naturalness2,-0.276,-0.053,-0.09,Q3
controlled,2026-08-09_2337_chatterbox_x2_ravdess,a25353419b,Ba55525,2026-08-09T22:49:24.303555+00:00,chatterbox,rate_volume_pitch,S02,Q3,-0.6,-0.6,0.7,0.832,0.71,0.8,no,4.88,yes,fixed-text,"She placed the grey folder on the shelf, checked the list of names again, and returned to the meeting room.",research\sessions\2026-08-09_2337_chatterbox_x2_ravdess\audio\chatterbox\rate_volume_pitch\S02_Q3.wav,c8d0b5a43f88ffc4197fc85c72321ab05ad11be5854662e0d2e946bdcabe053c,74bd32c,v0.4-naturalness2,-0.26,0.026,-0.081,Q4
controlled,2026-08-09_2337_chatterbox_x2_ravdess,a7944cc9b8,B72f78c,2026-08-09T22:52:02.709535+00:00,chatterbox,rate_volume_pitch,S03,Q2,-0.6,0.6,0.7,1.072,0.95,0.958,no,5.38,yes,fixed-text,"After the rain had stopped, the workers opened the gates and stacked the empty boxes along the far wall.",research\sessions\2026-08-09_2337_chatterbox_x2_ravdess\audio\chatterbox\rate_volume_pitch\S03_Q2.wav,fbb5b12eb9ce916e9ef91b356c49ed1306c5faf47053c274a021e81705d16731,74bd32c,v0.4-naturalness2,0.691,-0.709,0.621,Q2
controlled,2026-08-09_2337_chatterbox_x2_ravdess,bf290b5081,B9c37c0,2026-08-09T22:59:54.000049+00:00,chatterbox,rate_volume_pitch,S05,Q3,-0.6,-0.6,0.7,0.832,0.71,0.8,no,5.44,yes,fixed-text,"He parked near the corner shop, bought a loaf of bread and a carton of milk, and walked home slowly.",research\sessions\2026-08-09_2337_chatterbox_x2_ravdess\audio\chatterbox\rate_volume_pitch\S05_Q3.wav,ca78c28c7254b6676760bec7c4a8f025f5e6088c4c04c1ce7c853e03cfbd677f,74bd32c,v0.4-naturalness2,-0.248,-0.02,-0.065,Q3
controlled,2026-08-09_2337_chatterbox_x2_ravdess,d2c89429c1,B96fb04,2026-08-09T22:53:47.224597+00:00,chatterbox,rate_volume_pitch,S03,Q4,0.6,-0.6,0.7,0.928,0.65,1.042,no,4.98,yes,fixed-text,"After the rain had stopped, the workers opened the gates and stacked the empty boxes along the far wall.",research\sessions\2026-08-09_2337_chatterbox_x2_ravdess\audio\chatterbox\rate_volume_pitch\S03_Q4.wav,8b1b6f26b2d5170e2038ca79b038a95422ad66d4a4aa422a497fd0e0235ae40b,74bd32c,v0.4-naturalness2,-0.315,-0.247,-0.119,Q3
controlled,2026-08-09_2337_chatterbox_x2_ravdess,e0c70e1c13,Be1168b,2026-08-09T22:52:56.375535+00:00,chatterbox,rate_volume_pitch,S03,Q3,-0.6,-0.6,0.7,0.832,0.71,0.8,no,5.52,yes,fixed-text,"After the rain had stopped, the workers opened the gates and stacked the empty boxes along the far wall.",research\sessions\2026-08-09_2337_chatterbox_x2_ravdess\audio\chatterbox\rate_volume_pitch\S03_Q3.wav,ab55a11577246481fa23bc43d5f976b5fc6a79595ba26e6f15218d122310fe33,74bd32c,v0.4-naturalness2,-0.271,-0.25,-0.083,Q3
controlled,2026-08-09_2337_chatterbox_x2_ravdess,e32ceed720,B3111d9,2026-08-09T22:55:41.702172+00:00,chatterbox,rate_volume_pitch,S04,Q2,-0.6,0.6,0.7,1.072,0.95,0.958,no,6.06,yes,fixed-text,The report on the table covers the past three months and will be read by the committee later next week.,research\sessions\2026-08-09_2337_chatterbox_x2_ravdess\audio\chatterbox\rate_volume_pitch\S04_Q2.wav,28df0f5116ed4d8baaee94e45b2987cd24ce6b4af7893409041a5fe972d5fde6,74bd32c,v0.4-naturalness2,0.417,0.172,0.411,Q1
controlled,2026-08-09_2337_chatterbox_x2_ravdess,f8e7843b79,Bd0199e,2026-08-09T22:59:01.471438+00:00,chatterbox,rate_volume_pitch,S05,Q2,-0.6,0.6,0.7,1.072,0.95,0.958,no,6.38,yes,fixed-text,"He parked near the corner shop, bought a loaf of bread and a carton of milk, and walked home slowly.",research\sessions\2026-08-09_2337_chatterbox_x2_ravdess\audio\chatterbox\rate_volume_pitch\S05_Q2.wav,ce369a9ff8e75680aa697cc237be46b3560f93765df5c7518f28416a59795a63,74bd32c,v0.4-naturalness2,0.433,0.045,0.477,Q1
