source,session,clip_id,blind_id,created,engine,param_set,stimulus_id,quadrant,valence,arousal,intensity,rate,volume,pitch,pitch_rendered,duration_s,duration_ok,model,text,audio_path,sha256,commit,tag,emotion,voice,silent,rec_arousal,rec_valence,rec_dominance,rec_quadrant
frozen-corpus,echo-user-voice-20260910-nine-v5,53ee759fa9d79a6e16,53ee759fa9d79a6e16,2026-09-07T20:18:07.114Z,pyttsx3,preset,S01,Q1,0.6,0.6,0.7,,,,,4.01827664399093,yes,fixed-text,"The train from the coast reaches the station after noon, and the passengers collect their bags before the doors open.",standalone/public/study/audio/53ee759fa9d79a6e16.wav,a2c29cee8c3933edd7d3891df04e95a47075f839f49bf1ab6cb837a2445b02fc,,echo-user-voice-20260910-nine-v5,happy,macOS NSSS Samantha,no,0.401,0.033,0.433,Q1
frozen-corpus,echo-user-voice-20260910-nine-v5,3880eb8c1541cb01b5,3880eb8c1541cb01b5,2026-09-07T20:18:07.114Z,pyttsx3,preset,S01,Q2,-0.6,0.6,0.7,,,,,4.6761451247165535,yes,fixed-text,"The train from the coast reaches the station after noon, and the passengers collect their bags before the doors open.",standalone/public/study/audio/3880eb8c1541cb01b5.wav,7ff5d495ef7ef267dc9b81be265680690f1c162ab346a981cb6fcf96b18a0574,,echo-user-voice-20260910-nine-v5,upset,macOS NSSS Samantha,no,0.255,0.005,0.344,Q1
frozen-corpus,echo-user-voice-20260910-nine-v5,516ab48a72b5ab260f,516ab48a72b5ab260f,2026-09-07T20:18:07.114Z,pyttsx3,preset,S01,Q3,-0.6,-0.6,0.7,,,,,6.637913832199547,yes,fixed-text,"The train from the coast reaches the station after noon, and the passengers collect their bags before the doors open.",standalone/public/study/audio/516ab48a72b5ab260f.wav,075f930a90aebe64bc91db22bbcd73db2229e896c8dd29ca49addb3ef3c360d4,,echo-user-voice-20260910-nine-v5,sad,macOS NSSS Samantha,no,-0.027,-0.012,0.16,Q3
frozen-corpus,echo-user-voice-20260910-nine-v5,d059f63aa95110c42d,d059f63aa95110c42d,2026-09-07T20:18:07.114Z,pyttsx3,preset,S01,Q4,0.6,-0.6,0.7,,,,,5.81827664399093,yes,fixed-text,"The train from the coast reaches the station after noon, and the passengers collect their bags before the doors open.",standalone/public/study/audio/d059f63aa95110c42d.wav,009c5f6fede5fff7d89c816491f378140e0318ba0280a8349949a9a14c51b611,,echo-user-voice-20260910-nine-v5,calm,macOS NSSS Samantha,no,0.076,-0.005,0.233,Q2
frozen-corpus,echo-user-voice-20260910-nine-v5,c04a15e55e03807e63,c04a15e55e03807e63,2026-09-07T20:18:07.114Z,sapi5xml,preset,S01,Q1,0.6,0.6,0.7,,,,,4.997596371882087,yes,fixed-text,"The train from the coast reaches the station after noon, and the passengers collect their bags before the doors open.",standalone/public/study/audio/c04a15e55e03807e63.wav,1addda84f4f649b6ed3e160a64d0fd2c9e1b12bc3f06979b0547495de179919f,,echo-user-voice-20260910-nine-v5,happy,historical Windows SAPI5 voice; exact voice identifier unavailable,no,0.071,-0.001,0.194,Q2
frozen-corpus,echo-user-voice-20260910-nine-v5,14b24a81b81b8da222,14b24a81b81b8da222,2026-09-07T20:18:07.114Z,sapi5xml,preset,S01,Q2,-0.6,0.6,0.7,,,,,6.264897959183673,yes,fixed-text,"The train from the coast reaches the station after noon, and the passengers collect their bags before the doors open.",standalone/public/study/audio/14b24a81b81b8da222.wav,3d7aaf7155778ee0db2c334fe4149f7c5887dc4e451a634c44a67e9f48bea60d,,echo-user-voice-20260910-nine-v5,upset,historical Windows SAPI5 voice; exact voice identifier unavailable,no,-0.088,-0.059,0.109,Q3
frozen-corpus,echo-user-voice-20260910-nine-v5,eeece30866564cdfdb,eeece30866564cdfdb,2026-09-07T20:18:07.114Z,sapi5xml,preset,S01,Q3,-0.6,-0.6,0.7,,,,,9.843083900226757,yes,fixed-text,"The train from the coast reaches the station after noon, and the passengers collect their bags before the doors open.",standalone/public/study/audio/eeece30866564cdfdb.wav,3d9833f5fc5b903ff7826d370b4375820518a7e9efde8bf155b53b5a103d1304,,echo-user-voice-20260910-nine-v5,sad,historical Windows SAPI5 voice; exact voice identifier unavailable,no,-0.345,-0.097,-0.054,Q3
frozen-corpus,echo-user-voice-20260910-nine-v5,8a30c7098cb6634d9c,8a30c7098cb6634d9c,2026-09-07T20:18:07.114Z,sapi5xml,preset,S01,Q4,0.6,-0.6,0.7,,,,,7.848163265306122,yes,fixed-text,"The train from the coast reaches the station after noon, and the passengers collect their bags before the doors open.",standalone/public/study/audio/8a30c7098cb6634d9c.wav,ecfc3c430b8b72ab1dc32ca0a462f0501fa12cb6194e1dba1552d89481bd9d80,,echo-user-voice-20260910-nine-v5,calm,historical Windows SAPI5 voice; exact voice identifier unavailable,no,-0.202,-0.065,0.029,Q3
frozen-corpus,echo-user-voice-20260910-nine-v5,521e5c9bd807c1b545,521e5c9bd807c1b545,2026-09-07T20:18:07.114Z,espeak,preset,S01,Q1,0.6,0.6,0.7,,,,,5.403401360544217,yes,fixed-text,"The train from the coast reaches the station after noon, and the passengers collect their bags before the doors open.",standalone/public/study/audio/521e5c9bd807c1b545.wav,809fddf0f920dbf36c8f7b0ecba0a88620beb74eb0ac3a48d66d70717d430472,,echo-user-voice-20260910-nine-v5,happy,historical eSpeak English voice,no,0.182,0.131,0.215,Q1
frozen-corpus,echo-user-voice-20260910-nine-v5,4d816938caf5b95b45,4d816938caf5b95b45,2026-09-07T20:18:07.114Z,espeak,preset,S01,Q2,-0.6,0.6,0.7,,,,,5.876825396825397,yes,fixed-text,"The train from the coast reaches the station after noon, and the passengers collect their bags before the doors open.",standalone/public/study/audio/4d816938caf5b95b45.wav,69736af3f6b635de1118161e2bb90d967f1fbae0293ee8d44341111c5e411f5b,,echo-user-voice-20260910-nine-v5,upset,historical eSpeak English voice,no,0.032,0.153,0.122,Q1
frozen-corpus,echo-user-voice-20260910-nine-v5,722f380d330520344d,722f380d330520344d,2026-09-07T20:18:07.114Z,espeak,preset,S01,Q3,-0.6,-0.6,0.7,,,,,7.5619954648526075,yes,fixed-text,"The train from the coast reaches the station after noon, and the passengers collect their bags before the doors open.",standalone/public/study/audio/722f380d330520344d.wav,38f3b70bc47a9552619749819aa50fdc77a3f7bb632d2c980dece3aa6c6033d6,,echo-user-voice-20260910-nine-v5,sad,historical eSpeak English voice,no,-0.141,0.074,0.015,Q4
frozen-corpus,echo-user-voice-20260910-nine-v5,9910783e35f8f00d69,9910783e35f8f00d69,2026-09-07T20:18:07.114Z,espeak,preset,S01,Q4,0.6,-0.6,0.7,,,,,6.813560090702948,yes,fixed-text,"The train from the coast reaches the station after noon, and the passengers collect their bags before the doors open.",standalone/public/study/audio/9910783e35f8f00d69.wav,ada9826add2763f56eca3e5de8fa07cf711e7713d3612ef97335758cc1b7fe20,,echo-user-voice-20260910-nine-v5,calm,historical eSpeak English voice,no,-0.007,0.151,0.102,Q4
frozen-corpus,echo-user-voice-20260910-nine-v5,b656c48213e07612f9,b656c48213e07612f9,2026-09-07T20:18:07.114Z,kokoro,preset,S01,Q1,0.6,0.6,0.7,,,,,6.75,yes,fixed-text,"The train from the coast reaches the station after noon, and the passengers collect their bags before the doors open.",standalone/public/study/audio/b656c48213e07612f9.wav,cad573a1b798f135e671aab2698cc0c35de5eff7fd7fcd85c6ed34770716c9e9,,echo-user-voice-20260910-nine-v5,happy,af_heart,no,-0.078,-0.073,0.093,Q3
frozen-corpus,echo-user-voice-20260910-nine-v5,e89bf984544f00bb0a,e89bf984544f00bb0a,2026-09-07T20:18:07.114Z,kokoro,preset,S01,Q2,-0.6,0.6,0.7,,,,,7.0,yes,fixed-text,"The train from the coast reaches the station after noon, and the passengers collect their bags before the doors open.",standalone/public/study/audio/e89bf984544f00bb0a.wav,332b5e83b7452545c190354a749eb8f6ae288fde57604d409fe5985a34768418,,echo-user-voice-20260910-nine-v5,upset,af_heart,no,-0.083,-0.126,0.103,Q3
frozen-corpus,echo-user-voice-20260910-nine-v5,620080afb7d602332e,620080afb7d602332e,2026-09-07T20:18:07.114Z,kokoro,preset,S01,Q3,-0.6,-0.6,0.7,,,,,9.7,yes,fixed-text,"The train from the coast reaches the station after noon, and the passengers collect their bags before the doors open.",standalone/public/study/audio/620080afb7d602332e.wav,699dede625528848a9aa798563a155a9bf2af330d96ef15fab60dc100ea1a9ca,,echo-user-voice-20260910-nine-v5,sad,af_heart,no,-0.216,-0.207,0.007,Q3
frozen-corpus,echo-user-voice-20260910-nine-v5,669259e7fe157cd650,669259e7fe157cd650,2026-09-07T20:18:07.114Z,kokoro,preset,S01,Q4,0.6,-0.6,0.7,,,,,7.525,yes,fixed-text,"The train from the coast reaches the station after noon, and the passengers collect their bags before the doors open.",standalone/public/study/audio/669259e7fe157cd650.wav,29b6cc99a425345d5f1854bc78b0f0210f277b3711154f324030acbb73f0e986,,echo-user-voice-20260910-nine-v5,calm,af_heart,no,-0.109,-0.127,0.092,Q3
frozen-corpus,echo-user-voice-20260910-nine-v5,5edacc98e5683c5ecb,5edacc98e5683c5ecb,2026-09-07T20:18:07.114Z,chatterbox,preset,S01,Q1,0.6,0.6,0.7,,,,,5.72,yes,fixed-text,"The train from the coast reaches the station after noon, and the passengers collect their bags before the doors open.",standalone/public/study/audio/5edacc98e5683c5ecb.wav,ae904a0c17c22ef56f36ef8327e7bfcc4191ff50c0309d0388f8ec9217483198,,echo-user-voice-20260910-nine-v5,happy,RAVDESS actor 03 reference,no,0.212,-0.059,0.274,Q2
frozen-corpus,echo-user-voice-20260910-nine-v5,1a923a3168f05f8ad2,1a923a3168f05f8ad2,2026-09-07T20:18:07.114Z,chatterbox,preset,S01,Q2,-0.6,0.6,0.7,,,,,5.32,yes,fixed-text,"The train from the coast reaches the station after noon, and the passengers collect their bags before the doors open.",standalone/public/study/audio/1a923a3168f05f8ad2.wav,44edde4d881d472a97aa23aec49f4dc4f3ca488d592382c8111a57d530c036be,,echo-user-voice-20260910-nine-v5,upset,RAVDESS actor 03 reference,no,0.097,0.034,0.219,Q1
frozen-corpus,echo-user-voice-20260910-nine-v5,70f3f250db17be861b,70f3f250db17be861b,2026-09-07T20:18:07.114Z,chatterbox,preset,S01,Q3,-0.6,-0.6,0.7,,,,,6.56,yes,fixed-text,"The train from the coast reaches the station after noon, and the passengers collect their bags before the doors open.",standalone/public/study/audio/70f3f250db17be861b.wav,74645fe19c91c938f463ecbd62a3462dfccae950a05607961e3026a096934387,,echo-user-voice-20260910-nine-v5,sad,RAVDESS actor 03 reference,no,-0.229,-0.163,-0.026,Q3
frozen-corpus,echo-user-voice-20260910-nine-v5,42e1473388d0770cd4,42e1473388d0770cd4,2026-09-07T20:18:07.114Z,chatterbox,preset,S01,Q4,0.6,-0.6,0.7,,,,,7.1,yes,fixed-text,"The train from the coast reaches the station after noon, and the passengers collect their bags before the doors open.",standalone/public/study/audio/42e1473388d0770cd4.wav,23f13fd99360f30b07607843672ff9fe3af7b6f7dfdc20f655d3742c572584e8,,echo-user-voice-20260910-nine-v5,calm,RAVDESS actor 03 reference,no,-0.328,-0.191,-0.096,Q3
frozen-corpus,echo-user-voice-20260910-nine-v5,f7df98c7190b459c8f,f7df98c7190b459c8f,2026-09-07T20:18:07.114Z,zipvoice,preset,S01,Q1,0.6,0.6,0.7,,,,,8.913,yes,fixed-text,"The train from the coast reaches the station after noon, and the passengers collect their bags before the doors open.",standalone/public/study/audio/f7df98c7190b459c8f.wav,d27a7021cbb785ba947d2f34ffd68d43d4bd3ebb76f32ce3f9e9e9920e296131,,echo-user-voice-20260910-nine-v5,happy,RAVDESS actor 03 reference,no,0.151,-0.103,0.275,Q2
frozen-corpus,echo-user-voice-20260910-nine-v5,1f3faed45355184941,1f3faed45355184941,2026-09-07T20:18:07.114Z,zipvoice,preset,S01,Q2,-0.6,0.6,0.7,,,,,12.163,yes,fixed-text,"The train from the coast reaches the station after noon, and the passengers collect their bags before the doors open.",standalone/public/study/audio/1f3faed45355184941.wav,b23b4346265fd9ff046ec3ba6904c8b9278019bc83d9fbba36eb93cbf4c47c25,,echo-user-voice-20260910-nine-v5,upset,RAVDESS actor 03 reference,no,-0.204,-0.163,0.031,Q3
frozen-corpus,echo-user-voice-20260910-nine-v5,edabba7dc7032f5a6d,edabba7dc7032f5a6d,2026-09-07T20:18:07.114Z,zipvoice,preset,S01,Q3,-0.6,-0.6,0.7,,,,,8.429,yes,fixed-text,"The train from the coast reaches the station after noon, and the passengers collect their bags before the doors open.",standalone/public/study/audio/edabba7dc7032f5a6d.wav,c63df7b437d208d4f8a24565231a655fb38a77738bbc3f976911f09d6c6cfa17,,echo-user-voice-20260910-nine-v5,sad,RAVDESS actor 03 reference,no,-0.175,-0.146,0.033,Q3
frozen-corpus,echo-user-voice-20260910-nine-v5,1c3f6be429d3524340,1c3f6be429d3524340,2026-09-07T20:18:07.114Z,zipvoice,preset,S01,Q4,0.6,-0.6,0.7,,,,,9.126,yes,fixed-text,"The train from the coast reaches the station after noon, and the passengers collect their bags before the doors open.",standalone/public/study/audio/1c3f6be429d3524340.wav,cb1fd22759f58455e90df7689427bff4acdc15c97fff5e06789db45963268be8,,echo-user-voice-20260910-nine-v5,calm,RAVDESS actor 03 reference,no,-0.215,-0.12,-0.014,Q3
frozen-corpus,echo-user-voice-20260910-nine-v5,c6869b2b49729e1e15,c6869b2b49729e1e15,2026-09-07T20:18:07.114Z,styletts2,preset,S01,Q1,0.6,0.6,0.7,,,,,6.497916666666667,yes,fixed-text,"The train from the coast reaches the station after noon, and the passengers collect their bags before the doors open.",standalone/public/study/audio/c6869b2b49729e1e15.wav,7de3f3fb7749b6d54ae92a8e97b25251829bae6c750b3d73cffac347e33a3407,,echo-user-voice-20260910-nine-v5,happy,RAVDESS actor 03 reference,no,0.168,-0.094,0.274,Q2
frozen-corpus,echo-user-voice-20260910-nine-v5,82244a5691688551a2,82244a5691688551a2,2026-09-07T20:18:07.114Z,styletts2,preset,S01,Q2,-0.6,0.6,0.7,,,,,6.622916666666667,yes,fixed-text,"The train from the coast reaches the station after noon, and the passengers collect their bags before the doors open.",standalone/public/study/audio/82244a5691688551a2.wav,b7ab4a61a2ca5f61f06d3aea9280a57742865eaf0299f16647d5332a270e5c25,,echo-user-voice-20260910-nine-v5,upset,RAVDESS actor 03 reference,no,0.009,-0.128,0.172,Q2
frozen-corpus,echo-user-voice-20260910-nine-v5,90d1b11f4b37265d3c,90d1b11f4b37265d3c,2026-09-07T20:18:07.114Z,styletts2,preset,S01,Q3,-0.6,-0.6,0.7,,,,,6.672916666666667,yes,fixed-text,"The train from the coast reaches the station after noon, and the passengers collect their bags before the doors open.",standalone/public/study/audio/90d1b11f4b37265d3c.wav,b0ddcdbe19e78832c197710767bc56944c2ec9ffb4e9b2a61a2d28b94c8eee95,,echo-user-voice-20260910-nine-v5,sad,RAVDESS actor 03 reference,no,-0.069,-0.152,0.096,Q3
frozen-corpus,echo-user-voice-20260910-nine-v5,7dcfae81f976911a27,7dcfae81f976911a27,2026-09-07T20:18:07.114Z,styletts2,preset,S01,Q4,0.6,-0.6,0.7,,,,,6.747916666666667,yes,fixed-text,"The train from the coast reaches the station after noon, and the passengers collect their bags before the doors open.",standalone/public/study/audio/7dcfae81f976911a27.wav,af7348b297953e9bb374835db8e2c1a019a62dd91a67607076144e72d0dd8598,,echo-user-voice-20260910-nine-v5,calm,RAVDESS actor 03 reference,no,-0.092,-0.15,0.086,Q3
frozen-corpus,echo-user-voice-20260910-nine-v5,9a9920bf34ff7de690,9a9920bf34ff7de690,2026-09-07T20:18:07.114Z,cosyvoice2,preset,S01,Q1,0.6,0.6,0.7,,,,,6.56,yes,fixed-text,"The train from the coast reaches the station after noon, and the passengers collect their bags before the doors open.",standalone/public/study/audio/9a9920bf34ff7de690.wav,d6155afe2aa3291b46a17f82a3b19b724c25c6cf53b43456147573deb49b3302,,echo-user-voice-20260910-nine-v5,happy,RAVDESS actor 03 reference,no,-0.025,-0.098,0.13,Q3
frozen-corpus,echo-user-voice-20260910-nine-v5,c2607ba834caffe9a1,c2607ba834caffe9a1,2026-09-07T20:18:07.114Z,cosyvoice2,preset,S01,Q2,-0.6,0.6,0.7,,,,,7.64,yes,fixed-text,"The train from the coast reaches the station after noon, and the passengers collect their bags before the doors open.",standalone/public/study/audio/c2607ba834caffe9a1.wav,d110a1b9a7a2bef15848eaf43eb46917ff2c83a80b5b8eb8bd76df52b51c4015,,echo-user-voice-20260910-nine-v5,upset,RAVDESS actor 03 reference,no,0.08,-0.191,0.216,Q2
frozen-corpus,echo-user-voice-20260910-nine-v5,45235100a02bc3b60b,45235100a02bc3b60b,2026-09-07T20:18:07.114Z,cosyvoice2,preset,S01,Q3,-0.6,-0.6,0.7,,,,,7.92,yes,fixed-text,"The train from the coast reaches the station after noon, and the passengers collect their bags before the doors open.",standalone/public/study/audio/45235100a02bc3b60b.wav,a120addf700169c201a1953e19621006e245aba3f4dab83607f47a36e4fbbf9c,,echo-user-voice-20260910-nine-v5,sad,RAVDESS actor 03 reference,no,-0.175,-0.201,0.024,Q3
frozen-corpus,echo-user-voice-20260910-nine-v5,19079d7d5db601d2d2,19079d7d5db601d2d2,2026-09-07T20:18:07.114Z,cosyvoice2,preset,S01,Q4,0.6,-0.6,0.7,,,,,6.2,yes,fixed-text,"The train from the coast reaches the station after noon, and the passengers collect their bags before the doors open.",standalone/public/study/audio/19079d7d5db601d2d2.wav,d50173876c5cc6d0940c44a705a2fed8a1b6b01e6aebb9840488a0c403a19b65,,echo-user-voice-20260910-nine-v5,calm,RAVDESS actor 03 reference,no,-0.092,-0.112,0.085,Q3
frozen-corpus,echo-user-voice-20260910-nine-v5,667588808e84a95891,667588808e84a95891,2026-09-07T20:18:07.114Z,parlertts,preset,S01,Q1,0.6,0.6,0.7,,,,,5.38702947845805,yes,fixed-text,"The train from the coast reaches the station after noon, and the passengers collect their bags before the doors open.",standalone/public/study/audio/667588808e84a95891.wav,07539daf136f2354251e4247d658a740c200ad9a68ef2b41e64a8a3b46e2db31,,echo-user-voice-20260910-nine-v5,happy,Jon,no,0.235,-0.065,0.316,Q2
frozen-corpus,echo-user-voice-20260910-nine-v5,171d534130dd71c5eb,171d534130dd71c5eb,2026-09-07T20:18:07.114Z,parlertts,preset,S01,Q2,-0.6,0.6,0.7,,,,,5.712108843537415,yes,fixed-text,"The train from the coast reaches the station after noon, and the passengers collect their bags before the doors open.",standalone/public/study/audio/171d534130dd71c5eb.wav,299e410e1e1e29eef414283ade20810fa5ad74767293a2631241b8ccbbf2c35f,,echo-user-voice-20260910-nine-v5,upset,Jon,no,0.048,-0.117,0.154,Q2
frozen-corpus,echo-user-voice-20260910-nine-v5,82dca3969a9d3ba7f1,82dca3969a9d3ba7f1,2026-09-07T20:18:07.114Z,parlertts,preset,S01,Q3,-0.6,-0.6,0.7,,,,,5.7004988662131515,yes,fixed-text,"The train from the coast reaches the station after noon, and the passengers collect their bags before the doors open.",standalone/public/study/audio/82dca3969a9d3ba7f1.wav,b3f60cd2ca005d9b3defa92e4b90a7a2130acbe590e05ef146c70f7bad90130b,,echo-user-voice-20260910-nine-v5,sad,Jon,no,-0.173,-0.165,0.016,Q3
frozen-corpus,echo-user-voice-20260910-nine-v5,0793d9e965bf7b04f8,0793d9e965bf7b04f8,2026-09-07T20:18:07.114Z,parlertts,preset,S01,Q4,0.6,-0.6,0.7,,,,,5.77015873015873,yes,fixed-text,"The train from the coast reaches the station after noon, and the passengers collect their bags before the doors open.",standalone/public/study/audio/0793d9e965bf7b04f8.wav,abb13caefc5d86eb96ce7c2cfdb8c884167c7bee8d11a2e348ae58e613946ece,,echo-user-voice-20260910-nine-v5,calm,Jon,no,-0.132,-0.152,0.043,Q3
