engine,auto_utmos,auto_err_tot,auto_err_aro,auto_err_val,lis_naturalness,n,lis_improvement,lis_imp_valence,lis_imp_arousal,lis_preset_error,lis_preset_naturalness,lis_neutral_naturalness,lis_target_match,mechanism,auto_transmission
chatterbox,4.263,0.2534375,0.19175,0.315125,3.5625,4,0.0847656249999999,0.0385937499999999,0.1309374999999999,0.2383593749999999,3.5625,3.875,3.65625,Reference or style conditioning,0.80825
cosyvoice2,4.444,0.2685,0.25975000000000004,0.27725,3.375,4,0.1262499999999999,0.1117187499999999,0.14078125,0.1993749999999999,3.375,2.0,3.640625,Natural-language delivery instruction,0.74025
espeak,2.1685,0.2739375,0.25475,0.29312499999999997,1.0,4,0.000703125,-0.0475,0.04890625,0.339296875,1.0,1.125,2.234375,Explicit prosody markup,0.74525
kokoro,4.51575,0.2814375,0.27949999999999997,0.283375,3.5,4,0.0849218749999999,0.0104687499999999,0.159375,0.2310156249999999,3.5,3.5,3.390625,"Native rate, external pitch and level",0.7205
parlertts,4.05875,0.2591875,0.22649999999999998,0.291875,3.59375,4,0.0171093749999999,0.01765625,0.0165624999999999,0.3241406249999999,3.59375,3.375,3.0625,Natural-language delivery instruction,0.7735000000000001
pyttsx3,4.12975,0.25987499999999997,0.22412499999999996,0.29562499999999997,2.0,4,0.08375,0.04875,0.11875,0.2346874999999999,2.0,2.5,3.0,Explicit prosody markup,0.7758750000000001
sapi5xml,3.67375,0.26125,0.23375,0.28875,1.90625,4,0.0885937499999999,-0.00375,0.1809375,0.25484375,1.90625,2.25,3.0625,Explicit prosody markup,0.76625
styletts2,4.4335,0.276625,0.25775,0.2955,3.28125,4,0.060078125,0.050625,0.0695312499999999,0.2527343749999999,3.28125,3.375,3.09375,Reference or style conditioning,0.7422500000000001
zipvoice,4.40475,0.2735625,0.25787499999999997,0.28925,2.875,4,-0.005859375,0.0023437499999999,-0.0140625,0.3096093749999999,2.875,3.5,2.9375,Reference or style conditioning,0.742125
