item_id,sha256,engine,condition,emotion,n_raters,lis_valence,lis_valence_sd,lis_arousal,lis_arousal_sd,lis_naturalness,lis_naturalness_sd,lis_target_match,clip_id,engine_auto,param_set,utmos,rec_valence,rec_arousal,rec_quadrant,mechanism,t_val,t_aro,lis_err_val,lis_err_aro,lis_err_tot,auto_err_val,auto_err_aro,auto_err_tot,intended_q
0793d9e965bf7b04f8,abb13caefc5d86eb96ce7c2cfdb8c884167c7bee8d11a2e348ae58e613946ece,parlertts,preset,calm,8,0.305,0.2491127111512836,0.1725,0.5168240927599476,3.5,0.7559289460184544,3.4375,0793d9e965bf7b04f8,parlertts,preset,4.113,-0.152,-0.132,Q3,Natural-language delivery instruction,0.6,-0.6,0.1475,0.38625,0.266875,0.376,0.23399999999999999,0.305,Q4
14b24a81b81b8da222,3d7aaf7155778ee0db2c334fe4149f7c5887dc4e451a634c44a67e9f48bea60d,sapi5xml,preset,upset,8,0.13375,0.2227065654301962,-0.02875,0.3946223330151066,2.0,0.9258200997725514,2.625,14b24a81b81b8da222,sapi5xml,preset,3.712,-0.059,-0.088,Q3,Explicit prosody markup,-0.6,0.6,0.366875,0.314375,0.340625,0.27049999999999996,0.344,0.30724999999999997,Q2
171d534130dd71c5eb,299e410e1e1e29eef414283ade20810fa5ad74767293a2631241b8ccbbf2c35f,parlertts,preset,upset,8,0.3025,0.5022734030670661,0.0037499999999999,0.4895460725435933,3.875,0.8345229603962803,2.4375,171d534130dd71c5eb,parlertts,preset,4.035,-0.117,0.048,Q2,Natural-language delivery instruction,-0.6,0.6,0.45125,0.29812500000000003,0.3746875,0.2415,0.27599999999999997,0.25875,Q2
19079d7d5db601d2d2,d50173876c5cc6d0940c44a705a2fed8a1b6b01e6aebb9840488a0c403a19b65,cosyvoice2,preset,calm,8,0.32,0.2697088377173746,-0.09875,0.3744114428959518,3.75,0.7071067811865475,3.6875,19079d7d5db601d2d2,cosyvoice2,preset,4.445,-0.112,-0.092,Q3,Natural-language delivery instruction,0.6,-0.6,0.13999999999999999,0.250625,0.1953125,0.356,0.254,0.305,Q4
1a923a3168f05f8ad2,44edde4d881d472a97aa23aec49f4dc4f3ca488d592382c8111a57d530c036be,chatterbox,preset,upset,8,-0.0837499999999999,0.6057330270011699,0.5175000000000001,0.3264418565599174,3.375,0.7440238091428449,3.4375,1a923a3168f05f8ad2,chatterbox,preset,4.392,0.034,0.097,Q1,Reference or style conditioning,-0.6,0.6,0.25812500000000005,0.04124999999999995,0.1496875,0.317,0.2515,0.28425,Q2
1c3f6be429d3524340,cb1fd22759f58455e90df7689427bff4acdc15c97fff5e06789db45963268be8,zipvoice,preset,calm,8,-0.0012499999999999,0.613571220688473,-0.2475,0.5186727567276197,2.875,0.9910312089651148,3.25,1c3f6be429d3524340,zipvoice,preset,4.373,-0.12,-0.215,Q3,Reference or style conditioning,0.6,-0.6,0.3006249999999999,0.17625,0.23843749999999997,0.36,0.1925,0.27625,Q4
1f3faed45355184941,b23b4346265fd9ff046ec3ba6904c8b9278019bc83d9fbba36eb93cbf4c47c25,zipvoice,preset,upset,8,0.0125,0.3523289858721736,-0.3325,0.5846549654038941,3.0,0.9258200997725514,2.5,1f3faed45355184941,zipvoice,preset,4.513,-0.163,-0.204,Q3,Reference or style conditioning,-0.6,0.6,0.30624999999999997,0.46625,0.38625,0.21849999999999997,0.40199999999999997,0.31024999999999997,Q2
3880eb8c1541cb01b5,7ff5d495ef7ef267dc9b81be265680690f1c162ab346a981cb6fcf96b18a0574,pyttsx3,preset,upset,8,-0.40125,0.3166087039684339,0.48375,0.5324589186031162,2.125,1.3562026818605373,3.625,3880eb8c1541cb01b5,pyttsx3,preset,4.143,0.005,0.255,Q1,Explicit prosody markup,-0.6,0.6,0.09937499999999999,0.05812499999999998,0.07874999999999999,0.3025,0.1725,0.2375,Q2
42e1473388d0770cd4,23f13fd99360f30b07607843672ff9fe3af7b6f7dfdc20f655d3742c572584e8,chatterbox,preset,calm,8,0.0625,0.4582497759332317,-0.3575,0.4723724317587917,3.625,0.7440238091428449,3.5,42e1473388d0770cd4,chatterbox,preset,4.473,-0.191,-0.328,Q3,Reference or style conditioning,0.6,-0.6,0.26875,0.12125,0.195,0.39549999999999996,0.13599999999999998,0.26575,Q4
45235100a02bc3b60b,a120addf700169c201a1953e19621006e245aba3f4dab83607f47a36e4fbbf9c,cosyvoice2,preset,sad,8,-0.37,0.413659625434107,-0.50375,0.3184308626463746,2.75,0.8864052604279185,3.875,45235100a02bc3b60b,cosyvoice2,preset,4.456,-0.201,-0.175,Q3,Natural-language delivery instruction,-0.6,-0.6,0.11499999999999999,0.04812499999999997,0.08156249999999998,0.19949999999999998,0.2125,0.206,Q3
4d816938caf5b95b45,69736af3f6b635de1118161e2bb90d967f1fbae0293ee8d44341111c5e411f5b,espeak,preset,upset,8,-0.43,0.495551640670706,0.0,0.7868381572561702,1.0,0.0,2.6875,4d816938caf5b95b45,espeak,preset,2.345,0.153,0.032,Q1,Explicit prosody markup,-0.6,0.6,0.08499999999999999,0.3,0.1925,0.3765,0.284,0.33025,Q2
516ab48a72b5ab260f,075f930a90aebe64bc91db22bbcd73db2229e896c8dd29ca49addb3ef3c360d4,pyttsx3,preset,sad,8,-0.2774999999999999,0.3050878093739103,-0.1125,0.4628406081702734,1.75,0.4629100498862757,3.1875,516ab48a72b5ab260f,pyttsx3,preset,4.235,-0.012,-0.027,Q3,Explicit prosody markup,-0.6,-0.6,0.16125000000000003,0.24375,0.2025,0.294,0.2865,0.29025,Q3
521e5c9bd807c1b545,809fddf0f920dbf36c8f7b0ecba0a88620beb74eb0ac3a48d66d70717d430472,espeak,preset,happy,8,-0.2162499999999999,0.6099868265556466,0.0812499999999999,0.7729246405698293,1.0,0.0,2.3125,521e5c9bd807c1b545,espeak,preset,1.816,0.131,0.182,Q1,Explicit prosody markup,0.6,0.6,0.40812499999999996,0.259375,0.33375,0.2345,0.209,0.22175,Q1
53ee759fa9d79a6e16,a2c29cee8c3933edd7d3891df04e95a47075f839f49bf1ab6cb837a2445b02fc,pyttsx3,preset,happy,8,-0.49375,0.3373822545930443,0.665,0.2917924898671265,1.875,1.4577379737113252,2.0,53ee759fa9d79a6e16,pyttsx3,preset,3.913,0.033,0.401,Q1,Explicit prosody markup,0.6,0.6,0.546875,0.03250000000000003,0.2896875,0.2835,0.09949999999999998,0.19149999999999998,Q1
5edacc98e5683c5ecb,ae904a0c17c22ef56f36ef8327e7bfcc4191ff50c0309d0388f8ec9217483198,chatterbox,preset,happy,8,0.80375,0.2638688797760845,0.57375,0.474068635778166,3.875,0.9910312089651148,4.5,5edacc98e5683c5ecb,chatterbox,preset,3.789,-0.059,0.212,Q2,Reference or style conditioning,0.6,0.6,0.101875,0.013124999999999998,0.057499999999999996,0.3295,0.194,0.26175000000000004,Q1
620080afb7d602332e,699dede625528848a9aa798563a155a9bf2af330d96ef15fab60dc100ea1a9ca,kokoro,preset,sad,8,0.31125,0.2169553937037354,-0.58375,0.4163081791173457,3.0,0.7559289460184545,3.125,620080afb7d602332e,kokoro,preset,4.512,-0.207,-0.216,Q3,"Native rate, external pitch and level",-0.6,-0.6,0.455625,0.008124999999999993,0.231875,0.1965,0.192,0.19425,Q3
667588808e84a95891,07539daf136f2354251e4247d658a740c200ad9a68ef2b41e64a8a3b46e2db31,parlertts,preset,happy,8,0.3775,0.606459279047536,0.54625,0.4160335666402755,3.5,1.1952286093343936,3.9375,667588808e84a95891,parlertts,preset,3.887,-0.065,0.235,Q2,Natural-language delivery instruction,0.6,0.6,0.11124999999999999,0.026874999999999982,0.06906249999999999,0.3325,0.1825,0.2575,Q1
669259e7fe157cd650,29b6cc99a425345d5f1854bc78b0f0210f277b3711154f324030acbb73f0e986,kokoro,preset,calm,8,0.39625,0.2777428152600377,-0.16,0.3680450283010801,3.5,1.1952286093343936,4.125,669259e7fe157cd650,kokoro,preset,4.53,-0.127,-0.109,Q3,"Native rate, external pitch and level",0.6,-0.6,0.101875,0.21999999999999997,0.16093749999999998,0.3635,0.2455,0.3045,Q4
70f3f250db17be861b,74645fe19c91c938f463ecbd62a3462dfccae950a05607961e3026a096934387,chatterbox,preset,sad,8,-0.11875,0.4728768338584583,-0.12375,0.4459320095517445,3.375,0.9161253813129044,3.1875,70f3f250db17be861b,chatterbox,preset,4.398,-0.163,-0.229,Q3,Reference or style conditioning,-0.6,-0.6,0.24062499999999998,0.23812499999999998,0.23937499999999998,0.21849999999999997,0.1855,0.20199999999999999,Q3
722f380d330520344d,38f3b70bc47a9552619749819aa50fdc77a3f7bb632d2c980dece3aa6c6033d6,espeak,preset,sad,8,-0.085,0.6424951361683604,-0.60125,0.346263215322844,1.0,0.0,2.625,722f380d330520344d,espeak,preset,2.244,0.074,-0.141,Q4,Explicit prosody markup,-0.6,-0.6,0.2575,0.0006249999999999867,0.1290625,0.33699999999999997,0.22949999999999998,0.28325,Q3
7dcfae81f976911a27,af7348b297953e9bb374835db8e2c1a019a62dd91a67607076144e72d0dd8598,styletts2,preset,calm,8,0.00875,0.3527215615751325,0.075,0.266243712199395,3.0,0.7559289460184544,3.0,7dcfae81f976911a27,styletts2,preset,4.462,-0.15,-0.092,Q3,Reference or style conditioning,0.6,-0.6,0.29562499999999997,0.33749999999999997,0.31656249999999997,0.375,0.254,0.3145,Q4
82244a5691688551a2,b7ab4a61a2ca5f61f06d3aea9280a57742865eaf0299f16647d5332a270e5c25,styletts2,preset,upset,8,0.1012499999999999,0.4012636290520236,0.42125,0.2135708313417354,3.375,0.7440238091428449,2.5625,82244a5691688551a2,styletts2,preset,4.424,-0.128,0.009,Q2,Reference or style conditioning,-0.6,0.6,0.35062499999999996,0.08937499999999998,0.21999999999999997,0.236,0.2955,0.26575,Q2
82dca3969a9d3ba7f1,b3f60cd2ca005d9b3defa92e4b90a7a2130acbe590e05ef146c70f7bad90130b,parlertts,preset,sad,8,0.26125,0.440306305720396,0.27,0.4758751336822958,3.5,0.9258200997725512,2.4375,82dca3969a9d3ba7f1,parlertts,preset,4.2,-0.165,-0.173,Q3,Natural-language delivery instruction,-0.6,-0.6,0.430625,0.435,0.4328125,0.21749999999999997,0.2135,0.21549999999999997,Q3
8a30c7098cb6634d9c,ecfc3c430b8b72ab1dc32ca0a462f0501fa12cb6194e1dba1552d89481bd9d80,sapi5xml,preset,calm,8,-0.20625,0.4359533887273468,-0.40625,0.4416830634871894,2.25,1.035098339013531,2.6875,8a30c7098cb6634d9c,sapi5xml,preset,3.944,-0.065,-0.202,Q3,Explicit prosody markup,0.6,-0.6,0.40312499999999996,0.09687499999999999,0.24999999999999997,0.3325,0.19899999999999998,0.26575,Q4
90d1b11f4b37265d3c,b0ddcdbe19e78832c197710767bc56944c2ec9ffb4e9b2a61a2d28b94c8eee95,styletts2,preset,sad,8,-0.09,0.5224393334568687,-0.0137499999999999,0.6181293785053648,3.375,0.9161253813129044,3.3125,90d1b11f4b37265d3c,styletts2,preset,4.395,-0.152,-0.069,Q3,Reference or style conditioning,-0.6,-0.6,0.255,0.293125,0.2740625,0.22399999999999998,0.26549999999999996,0.24474999999999997,Q3
9910783e35f8f00d69,ada9826add2763f56eca3e5de8fa07cf711e7713d3612ef97335758cc1b7fe20,espeak,preset,calm,8,-0.32875,0.548541898386727,-0.0287499999999999,0.6273854477113731,1.0,0.0,1.3125,9910783e35f8f00d69,espeak,preset,2.269,0.151,-0.007,Q4,Explicit prosody markup,0.6,-0.6,0.464375,0.285625,0.375,0.22449999999999998,0.2965,0.26049999999999995,Q4
9a9920bf34ff7de690,d6155afe2aa3291b46a17f82a3b19b724c25c6cf53b43456147573deb49b3302,cosyvoice2,preset,happy,8,0.27,0.4910048006748145,0.4125,0.3593943317781816,3.75,0.4629100498862757,3.5,9a9920bf34ff7de690,cosyvoice2,preset,4.442,-0.098,-0.025,Q3,Natural-language delivery instruction,0.6,0.6,0.16499999999999998,0.09375,0.129375,0.349,0.3125,0.33075,Q1
b656c48213e07612f9,cad573a1b798f135e671aab2698cc0c35de5eff7fd7fcd85c6ed34770716c9e9,kokoro,preset,happy,8,0.5825,0.1565475737823581,0.5225,0.1532271889338554,3.875,0.8345229603962802,4.125,b656c48213e07612f9,kokoro,preset,4.501,-0.073,-0.078,Q3,"Native rate, external pitch and level",0.6,0.6,0.00874999999999998,0.03875000000000001,0.023749999999999993,0.33649999999999997,0.33899999999999997,0.33775,Q1
c04a15e55e03807e63,1addda84f4f649b6ed3e160a64d0fd2c9e1b12bc3f06979b0547495de179919f,sapi5xml,preset,happy,8,-0.03375,0.5664661760170934,0.5675,0.3366961326096362,1.5,0.7559289460184544,3.0625,c04a15e55e03807e63,sapi5xml,preset,3.385,-0.001,0.071,Q2,Explicit prosody markup,0.6,0.6,0.316875,0.016249999999999987,0.1665625,0.3005,0.2645,0.2825,Q1
c2607ba834caffe9a1,d110a1b9a7a2bef15848eaf43eb46917ff2c83a80b5b8eb8bd76df52b51c4015,cosyvoice2,preset,upset,8,-0.32125,0.3695726296297232,0.15125,0.5311022903896602,3.25,0.8864052604279183,3.5,c2607ba834caffe9a1,cosyvoice2,preset,4.433,-0.191,0.08,Q2,Natural-language delivery instruction,-0.6,0.6,0.139375,0.224375,0.181875,0.2045,0.26,0.23225,Q2
c6869b2b49729e1e15,7de3f3fb7749b6d54ae92a8e97b25251829bae6c750b3d73cffac347e33a3407,styletts2,preset,happy,8,0.2875,0.2894699589644098,0.36375,0.207291203038486,3.375,0.9161253813129044,3.5,c6869b2b49729e1e15,styletts2,preset,4.453,-0.094,0.168,Q2,Reference or style conditioning,0.6,0.6,0.15625,0.11812499999999998,0.1371875,0.347,0.21599999999999997,0.2815,Q1
d059f63aa95110c42d,009c5f6fede5fff7d89c816491f378140e0318ba0280a8349949a9a14c51b611,pyttsx3,preset,calm,8,0.2075,0.3487426394512558,-0.33625,0.5605848349205115,2.25,1.035098339013531,3.1875,d059f63aa95110c42d,pyttsx3,preset,4.228,-0.005,0.076,Q2,Explicit prosody markup,0.6,-0.6,0.19624999999999998,0.131875,0.1640625,0.3025,0.33799999999999997,0.32025,Q4
e89bf984544f00bb0a,332b5e83b7452545c190354a749eb8f6ae288fde57604d409fe5985a34768418,kokoro,preset,upset,8,0.45875,0.2711582300323664,0.22625,0.2627838601262587,3.625,0.9161253813129044,2.1875,e89bf984544f00bb0a,kokoro,preset,4.52,-0.126,-0.083,Q3,"Native rate, external pitch and level",-0.6,0.6,0.5293749999999999,0.18687499999999999,0.35812499999999997,0.237,0.34149999999999997,0.28925,Q2
edabba7dc7032f5a6d,c63df7b437d208d4f8a24565231a655fb38a77738bbc3f976911f09d6c6cfa17,zipvoice,preset,sad,8,-0.14,0.4591918366621328,-0.3612499999999999,0.503911485991623,2.75,0.7071067811865476,3.625,edabba7dc7032f5a6d,zipvoice,preset,4.436,-0.146,-0.175,Q3,Reference or style conditioning,-0.6,-0.6,0.22999999999999998,0.11937500000000004,0.1746875,0.22699999999999998,0.2125,0.21975,Q3
eeece30866564cdfdb,3d9833f5fc5b903ff7826d370b4375820518a7e9efde8bf155b53b5a103d1304,sapi5xml,preset,sad,8,-0.34625,0.3404592486627438,-0.5975,0.2947517114938799,1.875,0.8345229603962803,3.875,eeece30866564cdfdb,sapi5xml,preset,3.654,-0.097,-0.345,Q3,Explicit prosody markup,-0.6,-0.6,0.126875,0.0012499999999999734,0.06406249999999998,0.2515,0.1275,0.1895,Q3
f7df98c7190b459c8f,d27a7021cbb785ba947d2f34ffd68d43d4bd3ebb76f32ce3f9e9e9920e296131,zipvoice,preset,happy,8,0.11,0.4312109195542909,-0.09875,0.3590239745277664,2.875,0.991031208965115,2.375,f7df98c7190b459c8f,zipvoice,preset,4.297,-0.103,0.151,Q2,Reference or style conditioning,0.6,0.6,0.245,0.349375,0.2971875,0.3515,0.22449999999999998,0.288,Q1
