item_id,sha256,engine,condition,emotion,n_raters,lis_valence,lis_valence_sd,lis_arousal,lis_arousal_sd,lis_naturalness,lis_naturalness_sd,lis_target_match
037249171040bc5a9b,320148c0696c8dacadb608403679761ded6a26c17df400548b1bf82434c0304a,kokoro,neutral,neutral,8,0.21625,0.39604969024461706,-0.20750000000000002,0.45402171124926866,3.5,0.9258200997725514,3.5
0793d9e965bf7b04f8,abb13caefc5d86eb96ce7c2cfdb8c884167c7bee8d11a2e348ae58e613946ece,parlertts,preset,calm,8,0.305,0.2491127111512836,0.17250000000000001,0.5168240927599476,3.5,0.7559289460184544,3.4375
10b80782c4ecaf6c7e,b6c6017770cc87938f981dc438335e535285dadb33d2a043dc0d68f3ffc3b620,zipvoice,neutral,neutral,8,0.17125,0.3660381517976351,-0.017499999999999988,0.4904152759214815,3.5,0.5345224838248488,3.375
14b24a81b81b8da222,3d7aaf7155778ee0db2c334fe4149f7c5887dc4e451a634c44a67e9f48bea60d,sapi5xml,preset,upset,8,0.13375,0.22270656543019626,-0.02875,0.39462233301510663,2.0,0.9258200997725514,2.625
171d534130dd71c5eb,299e410e1e1e29eef414283ade20810fa5ad74767293a2631241b8ccbbf2c35f,parlertts,preset,upset,8,0.3025,0.5022734030670661,0.0037499999999999895,0.4895460725435933,3.875,0.8345229603962803,2.4375
19079d7d5db601d2d2,d50173876c5cc6d0940c44a705a2fed8a1b6b01e6aebb9840488a0c403a19b65,cosyvoice2,preset,calm,8,0.32,0.26970883771737464,-0.09875,0.3744114428959518,3.75,0.7071067811865475,3.6875
1a923a3168f05f8ad2,44edde4d881d472a97aa23aec49f4dc4f3ca488d592382c8111a57d530c036be,chatterbox,preset,upset,8,-0.08374999999999999,0.6057330270011699,0.5175000000000001,0.3264418565599174,3.375,0.7440238091428449,3.4375
1c3f6be429d3524340,cb1fd22759f58455e90df7689427bff4acdc15c97fff5e06789db45963268be8,zipvoice,preset,calm,8,-0.0012499999999999872,0.613571220688473,-0.2475,0.5186727567276197,2.875,0.9910312089651149,3.25
1f3faed45355184941,b23b4346265fd9ff046ec3ba6904c8b9278019bc83d9fbba36eb93cbf4c47c25,zipvoice,preset,upset,8,0.012500000000000011,0.3523289858721736,-0.3325,0.5846549654038941,3.0,0.9258200997725514,2.5
291f113992428215ec,7c9b53aac750e83dfaed18bcdf3827ab125a7118ccbfadffaba99157057a5f62,pyttsx3,neutral,neutral,8,-0.21125,0.44231331816775704,0.15500000000000003,0.48928519290900274,2.5,1.6035674514745464,2.1875
3880eb8c1541cb01b5,7ff5d495ef7ef267dc9b81be265680690f1c162ab346a981cb6fcf96b18a0574,pyttsx3,preset,upset,8,-0.40125,0.31660870396843394,0.48375,0.5324589186031162,2.125,1.3562026818605373,3.625
42e1473388d0770cd4,23f13fd99360f30b07607843672ff9fe3af7b6f7dfdc20f655d3742c572584e8,chatterbox,preset,calm,8,0.06250000000000001,0.45824977593323174,-0.35750000000000004,0.4723724317587917,3.625,0.7440238091428449,3.5
45235100a02bc3b60b,a120addf700169c201a1953e19621006e245aba3f4dab83607f47a36e4fbbf9c,cosyvoice2,preset,sad,8,-0.37,0.413659625434107,-0.50375,0.3184308626463746,2.75,0.8864052604279185,3.875
4d816938caf5b95b45,69736af3f6b635de1118161e2bb90d967f1fbae0293ee8d44341111c5e411f5b,espeak,preset,upset,8,-0.43,0.49555164067070606,0.0,0.7868381572561702,1.0,0.0,2.6875
516ab48a72b5ab260f,075f930a90aebe64bc91db22bbcd73db2229e896c8dd29ca49addb3ef3c360d4,pyttsx3,preset,sad,8,-0.27749999999999997,0.3050878093739103,-0.1125,0.46284060817027345,1.75,0.46291004988627577,3.1875
521e5c9bd807c1b545,809fddf0f920dbf36c8f7b0ecba0a88620beb74eb0ac3a48d66d70717d430472,espeak,preset,happy,8,-0.21624999999999997,0.6099868265556466,0.08124999999999999,0.7729246405698293,1.0,0.0,2.3125
53ee759fa9d79a6e16,a2c29cee8c3933edd7d3891df04e95a47075f839f49bf1ab6cb837a2445b02fc,pyttsx3,preset,happy,8,-0.49375,0.3373822545930443,0.665,0.2917924898671265,1.875,1.4577379737113252,2.0
5edacc98e5683c5ecb,ae904a0c17c22ef56f36ef8327e7bfcc4191ff50c0309d0388f8ec9217483198,chatterbox,preset,happy,8,0.80375,0.2638688797760845,0.57375,0.474068635778166,3.875,0.9910312089651149,4.5
620080afb7d602332e,699dede625528848a9aa798563a155a9bf2af330d96ef15fab60dc100ea1a9ca,kokoro,preset,sad,8,0.31125,0.21695539370373543,-0.58375,0.41630817911734574,3.0,0.7559289460184545,3.125
667588808e84a95891,07539daf136f2354251e4247d658a740c200ad9a68ef2b41e64a8a3b46e2db31,parlertts,preset,happy,8,0.3775,0.606459279047536,0.54625,0.4160335666402755,3.5,1.1952286093343936,3.9375
669259e7fe157cd650,29b6cc99a425345d5f1854bc78b0f0210f277b3711154f324030acbb73f0e986,kokoro,preset,calm,8,0.39625,0.2777428152600377,-0.16,0.3680450283010801,3.5,1.1952286093343936,4.125
69ed11ef88738687ef,b5791de8eb06435fd0f0dc748411c1dc2e096adb6d863c0e17570f8dc78e3bbd,styletts2,neutral,neutral,8,0.13625,0.49132292261374727,0.33,0.2704493615131253,3.375,0.9161253813129043,3.125
70f3f250db17be861b,74645fe19c91c938f463ecbd62a3462dfccae950a05607961e3026a096934387,chatterbox,preset,sad,8,-0.11875,0.4728768338584583,-0.12375000000000003,0.4459320095517445,3.375,0.9161253813129043,3.1875
722f380d330520344d,38f3b70bc47a9552619749819aa50fdc77a3f7bb632d2c980dece3aa6c6033d6,espeak,preset,sad,8,-0.085,0.6424951361683604,-0.60125,0.34626321532284404,1.0,0.0,2.625
7dcfae81f976911a27,af7348b297953e9bb374835db8e2c1a019a62dd91a67607076144e72d0dd8598,styletts2,preset,calm,8,0.00875,0.3527215615751325,0.07500000000000001,0.266243712199395,3.0,0.7559289460184544,3.0
82244a5691688551a2,b7ab4a61a2ca5f61f06d3aea9280a57742865eaf0299f16647d5332a270e5c25,styletts2,preset,upset,8,0.10124999999999999,0.4012636290520236,0.42125,0.2135708313417354,3.375,0.7440238091428449,2.5625
82dca3969a9d3ba7f1,b3f60cd2ca005d9b3defa92e4b90a7a2130acbe590e05ef146c70f7bad90130b,parlertts,preset,sad,8,0.26125,0.44030630572039603,0.27,0.4758751336822958,3.5,0.9258200997725513,2.4375
8a30c7098cb6634d9c,ecfc3c430b8b72ab1dc32ca0a462f0501fa12cb6194e1dba1552d89481bd9d80,sapi5xml,preset,calm,8,-0.20625000000000004,0.4359533887273468,-0.40625,0.4416830634871894,2.25,1.0350983390135313,2.6875
90d1b11f4b37265d3c,b0ddcdbe19e78832c197710767bc56944c2ec9ffb4e9b2a61a2d28b94c8eee95,styletts2,preset,sad,8,-0.09,0.5224393334568687,-0.013749999999999984,0.6181293785053648,3.375,0.9161253813129043,3.3125
950cedd16598869f09,ff878f283ecb112c6c0bb26b1bd6d09a5a610f3528ac234b95b966b11fc47171,chatterbox,neutral,neutral,8,0.027499999999999997,0.49591906021619525,0.51625,0.30891226216239087,3.875,0.3535533905932738,2.875
9910783e35f8f00d69,ada9826add2763f56eca3e5de8fa07cf711e7713d3612ef97335758cc1b7fe20,espeak,preset,calm,8,-0.32875,0.548541898386727,-0.028749999999999998,0.6273854477113731,1.0,0.0,1.3125
9a9920bf34ff7de690,d6155afe2aa3291b46a17f82a3b19b724c25c6cf53b43456147573deb49b3302,cosyvoice2,preset,happy,8,0.27,0.49100480067481456,0.4125,0.35939433177818164,3.75,0.4629100498862757,3.5
9e26cadc4eb110ab26,a5ec1bb6db1bcc3f205df601dea73279762fd0503d804e39489277fed6ff772d,sapi5xml,neutral,neutral,8,-0.046250000000000006,0.4867072308600198,-0.50625,0.4946264824520187,2.25,1.164964745021435,2.25
a0f712bc4df4817c9d,3b752248d31d6174a0ac5a0dd581cb4481a6482240b57aed105b033522a0cca5,parlertts,neutral,neutral,8,-0.06,0.6002142474626396,-0.29125,0.4875723389552423,3.375,0.7440238091428448,2.6875
b41b9ba1b5ae13d537,88db42484203fdc319df3381cd05cacb838fbcd25ab8545fe7177fdc1dd63c5a,espeak,neutral,neutral,8,-0.22499999999999998,0.4711990783401125,0.135,0.6550681534880823,1.125,0.3535533905932738,2.125
b656c48213e07612f9,cad573a1b798f135e671aab2698cc0c35de5eff7fd7fcd85c6ed34770716c9e9,kokoro,preset,happy,8,0.5825,0.15654757378235812,0.5225,0.1532271889338554,3.875,0.8345229603962802,4.125
c04a15e55e03807e63,1addda84f4f649b6ed3e160a64d0fd2c9e1b12bc3f06979b0547495de179919f,sapi5xml,preset,happy,8,-0.03375,0.5664661760170934,0.5675,0.3366961326096362,1.5,0.7559289460184544,3.0625
c2607ba834caffe9a1,d110a1b9a7a2bef15848eaf43eb46917ff2c83a80b5b8eb8bd76df52b51c4015,cosyvoice2,preset,upset,8,-0.32125,0.3695726296297232,0.15125,0.5311022903896602,3.25,0.8864052604279183,3.5
c6869b2b49729e1e15,7de3f3fb7749b6d54ae92a8e97b25251829bae6c750b3d73cffac347e33a3407,styletts2,preset,happy,8,0.2875,0.28946995896440986,0.36375,0.20729120303848608,3.375,0.9161253813129043,3.5
cd9e60676e00ab6a54,35f9f880bfd2d9f270bee5ab05f9d6e4c06dcb1a0723e09fded74c52839a0396,cosyvoice2,neutral,neutral,8,-0.028750000000000005,0.3640422856129295,-0.5375,0.306162888485385,2.0,0.0,2.4375
d059f63aa95110c42d,009c5f6fede5fff7d89c816491f378140e0318ba0280a8349949a9a14c51b611,pyttsx3,preset,calm,8,0.20750000000000002,0.3487426394512558,-0.33625,0.5605848349205115,2.25,1.0350983390135313,3.1875
e89bf984544f00bb0a,332b5e83b7452545c190354a749eb8f6ae288fde57604d409fe5985a34768418,kokoro,preset,upset,8,0.45875,0.2711582300323664,0.22625,0.26278386012625876,3.625,0.9161253813129043,2.1875
edabba7dc7032f5a6d,c63df7b437d208d4f8a24565231a655fb38a77738bbc3f976911f09d6c6cfa17,zipvoice,preset,sad,8,-0.14,0.4591918366621328,-0.36124999999999996,0.503911485991623,2.75,0.7071067811865476,3.625
eeece30866564cdfdb,3d9833f5fc5b903ff7826d370b4375820518a7e9efde8bf155b53b5a103d1304,sapi5xml,preset,sad,8,-0.34625,0.3404592486627438,-0.5975,0.2947517114938799,1.875,0.8345229603962803,3.875
f7df98c7190b459c8f,d27a7021cbb785ba947d2f34ffd68d43d4bd3ebb76f32ce3f9e9e9920e296131,zipvoice,preset,happy,8,0.11000000000000001,0.4312109195542909,-0.09875,0.3590239745277664,2.875,0.991031208965115,2.375
