engine,lis_improvement,lis_imp_valence,lis_imp_arousal,lis_preset_error,lis_preset_naturalness,lis_neutral_naturalness,lis_target_match
chatterbox,0.08476562499999998,0.038593749999999996,0.13093749999999998,0.23835937499999998,3.5625,3.875,3.65625
cosyvoice2,0.12624999999999997,0.11171874999999996,0.14078125,0.19937499999999997,3.375,2.0,3.640625
espeak,0.0007031250000000162,-0.0475,0.04890625000000001,0.339296875,1.0,1.125,2.234375
kokoro,0.08492187499999998,0.010468749999999978,0.159375,0.23101562499999997,3.5,3.5,3.390625
parlertts,0.017109374999999986,0.017656250000000005,0.016562499999999987,0.32414062499999996,3.59375,3.375,3.0625
pyttsx3,0.08375,0.04875000000000001,0.11875000000000001,0.23468749999999997,2.0,2.5,3.0
sapi5xml,0.08859374999999999,-0.003750000000000008,0.1809375,0.25484375,1.90625,2.25,3.0625
styletts2,0.060078125,0.05062500000000001,0.06953124999999999,0.25273437499999996,3.28125,3.375,3.09375
zipvoice,-0.005859375000000001,0.0023437499999999917,-0.014062500000000009,0.30960937499999996,2.875,3.5,2.9375
