source,session,clip_id,blind_id,created,engine,param_set,stimulus_id,quadrant,valence,arousal,intensity,rate,volume,pitch,pitch_rendered,duration_s,duration_ok,model,text,audio_path,sha256,commit,tag,emotion,voice,silent,utmos,rec_valence,rec_arousal,rec_dominance,rec_quadrant,n_raters,lis_valence,lis_valence_sd,lis_arousal,lis_arousal_sd,lis_naturalness,lis_naturalness_sd,lis_target_match,utmos_natural_anchor,ceiling_arousal,ceiling_valence,ceiling_quadrant,utmos_exceeds_natural,dur_s,phonation_s,pause_fraction,n_pauses,speech_rate,articulation_rate,n_syllables,dynamic_range_db,f0_median_hz,f0_median_st,f0_sd_st,f0_range_st,voiced_fraction,jitter_local_pct,shimmer_local_pct,hnr_db
frozen-corpus,echo-user-voice-20260910-nine-v5,291f113992428215ec,291f113992428215ec,2026-09-07T20:18:07.114Z,pyttsx3,neutral,S01,NEU,0.0,0.0,0.7,,,,,5.38,yes,fixed-text,"The train from the coast reaches the station after noon, and the passengers collect their bags before the doors open.",standalone/public/study/audio/291f113992428215ec.wav,7c9b53aac750e83dfaed18bcdf3827ab125a7118ccbfadffaba99157057a5f62,,echo-user-voice-20260910-nine-v5,neutral,macOS NSSS Samantha,no,4.193,0.007,0.129,0.269,Q1,8,-0.21125,0.442313318167757,0.155,0.4892851929090027,2.5,1.6035674514745464,2.1875,4.057,0.888,0.488,0.412,yes,5.38,4.749,0.1172,0,5.204,5.896,28,20.12,169.49,31.484,2.63,9.83,0.7308,1.4357,7.8783,14.799
frozen-corpus,echo-user-voice-20260910-nine-v5,53ee759fa9d79a6e16,53ee759fa9d79a6e16,2026-09-07T20:18:07.114Z,pyttsx3,preset,S01,Q1,0.6,0.6,0.7,,,,,4.01827664399093,yes,fixed-text,"The train from the coast reaches the station after noon, and the passengers collect their bags before the doors open.",standalone/public/study/audio/53ee759fa9d79a6e16.wav,a2c29cee8c3933edd7d3891df04e95a47075f839f49bf1ab6cb837a2445b02fc,,echo-user-voice-20260910-nine-v5,happy,macOS NSSS Samantha,no,3.913,0.033,0.401,0.433,Q1,8,-0.49375,0.3373822545930443,0.665,0.2917924898671265,1.875,1.4577379737113252,2.0,4.057,0.888,0.488,0.412,no,4.018,3.582,0.1086,0,6.968,7.817,28,19.689,169.92,31.528,2.605,9.8,0.7412,1.8851,8.6973,12.978
frozen-corpus,echo-user-voice-20260910-nine-v5,3880eb8c1541cb01b5,3880eb8c1541cb01b5,2026-09-07T20:18:07.114Z,pyttsx3,preset,S01,Q2,-0.6,0.6,0.7,,,,,4.6761451247165535,yes,fixed-text,"The train from the coast reaches the station after noon, and the passengers collect their bags before the doors open.",standalone/public/study/audio/3880eb8c1541cb01b5.wav,7ff5d495ef7ef267dc9b81be265680690f1c162ab346a981cb6fcf96b18a0574,,echo-user-voice-20260910-nine-v5,upset,macOS NSSS Samantha,no,4.143,0.005,0.255,0.344,Q1,8,-0.40125,0.3166087039684339,0.48375,0.5324589186031162,2.125,1.3562026818605373,3.625,4.057,0.888,0.488,0.412,yes,4.676,4.151,0.1124,0,5.988,6.746,28,20.197,169.2,31.455,2.628,9.825,0.7328,1.666,8.0247,13.881
frozen-corpus,echo-user-voice-20260910-nine-v5,516ab48a72b5ab260f,516ab48a72b5ab260f,2026-09-07T20:18:07.114Z,pyttsx3,preset,S01,Q3,-0.6,-0.6,0.7,,,,,6.637913832199547,yes,fixed-text,"The train from the coast reaches the station after noon, and the passengers collect their bags before the doors open.",standalone/public/study/audio/516ab48a72b5ab260f.wav,075f930a90aebe64bc91db22bbcd73db2229e896c8dd29ca49addb3ef3c360d4,,echo-user-voice-20260910-nine-v5,sad,macOS NSSS Samantha,no,4.235,-0.012,-0.027,0.16,Q3,8,-0.2774999999999999,0.3050878093739103,-0.1125,0.4628406081702734,1.75,0.4629100498862757,3.1875,4.057,0.888,0.488,0.412,yes,6.638,5.807,0.1252,0,4.218,4.822,28,19.841,168.43,31.376,2.627,9.843,0.7273,1.2288,6.4559,16.086
frozen-corpus,echo-user-voice-20260910-nine-v5,d059f63aa95110c42d,d059f63aa95110c42d,2026-09-07T20:18:07.114Z,pyttsx3,preset,S01,Q4,0.6,-0.6,0.7,,,,,5.81827664399093,yes,fixed-text,"The train from the coast reaches the station after noon, and the passengers collect their bags before the doors open.",standalone/public/study/audio/d059f63aa95110c42d.wav,009c5f6fede5fff7d89c816491f378140e0318ba0280a8349949a9a14c51b611,,echo-user-voice-20260910-nine-v5,calm,macOS NSSS Samantha,no,4.228,-0.005,0.076,0.233,Q2,8,0.2075,0.3487426394512558,-0.33625,0.5605848349205115,2.25,1.035098339013531,3.1875,4.057,0.888,0.488,0.412,yes,5.818,5.138,0.1169,0,4.812,5.449,28,20.364,168.92,31.426,2.627,9.685,0.7232,1.3741,7.3038,15.283
frozen-corpus,echo-user-voice-20260910-nine-v5,9e26cadc4eb110ab26,9e26cadc4eb110ab26,2026-09-07T20:18:07.114Z,sapi5xml,neutral,S01,NEU,0.0,0.0,0.7,,,,,7.213242630385488,yes,fixed-text,"The train from the coast reaches the station after noon, and the passengers collect their bags before the doors open.",standalone/public/study/audio/9e26cadc4eb110ab26.wav,a5ec1bb6db1bcc3f205df601dea73279762fd0503d804e39489277fed6ff772d,,echo-user-voice-20260910-nine-v5,neutral,historical Windows SAPI5 voice; exact voice identifier unavailable,no,3.849,-0.038,-0.172,0.049,Q3,8,-0.04625,0.4867072308600198,-0.50625,0.4946264824520187,2.25,1.164964745021435,2.25,4.057,0.888,0.488,0.412,no,7.213,5.148,0.2863,1,3.882,5.439,28,19.006,89.89,20.505,3.169,7.988,0.4833,2.039,11.563,8.805
frozen-corpus,echo-user-voice-20260910-nine-v5,c04a15e55e03807e63,c04a15e55e03807e63,2026-09-07T20:18:07.114Z,sapi5xml,preset,S01,Q1,0.6,0.6,0.7,,,,,4.997596371882087,yes,fixed-text,"The train from the coast reaches the station after noon, and the passengers collect their bags before the doors open.",standalone/public/study/audio/c04a15e55e03807e63.wav,1addda84f4f649b6ed3e160a64d0fd2c9e1b12bc3f06979b0547495de179919f,,echo-user-voice-20260910-nine-v5,happy,historical Windows SAPI5 voice; exact voice identifier unavailable,no,3.385,-0.001,0.071,0.194,Q2,8,-0.03375,0.5664661760170934,0.5675,0.3366961326096362,1.5,0.7559289460184544,3.0625,4.057,0.888,0.488,0.412,no,4.998,3.642,0.2713,0,5.603,7.689,28,18.921,99.03,22.181,2.098,8.122,0.4738,1.7049,11.4254,8.636
frozen-corpus,echo-user-voice-20260910-nine-v5,14b24a81b81b8da222,14b24a81b81b8da222,2026-09-07T20:18:07.114Z,sapi5xml,preset,S01,Q2,-0.6,0.6,0.7,,,,,6.264897959183673,yes,fixed-text,"The train from the coast reaches the station after noon, and the passengers collect their bags before the doors open.",standalone/public/study/audio/14b24a81b81b8da222.wav,3d7aaf7155778ee0db2c334fe4149f7c5887dc4e451a634c44a67e9f48bea60d,,echo-user-voice-20260910-nine-v5,upset,historical Windows SAPI5 voice; exact voice identifier unavailable,no,3.712,-0.059,-0.088,0.109,Q3,8,0.13375,0.2227065654301962,-0.02875,0.3946223330151066,2.0,0.9258200997725514,2.625,4.057,0.888,0.488,0.412,no,6.265,4.54,0.2754,1,4.469,6.168,28,18.107,86.96,19.931,3.257,7.678,0.4623,1.7352,11.604,8.257
frozen-corpus,echo-user-voice-20260910-nine-v5,eeece30866564cdfdb,eeece30866564cdfdb,2026-09-07T20:18:07.114Z,sapi5xml,preset,S01,Q3,-0.6,-0.6,0.7,,,,,9.843083900226755,yes,fixed-text,"The train from the coast reaches the station after noon, and the passengers collect their bags before the doors open.",standalone/public/study/audio/eeece30866564cdfdb.wav,3d9833f5fc5b903ff7826d370b4375820518a7e9efde8bf155b53b5a103d1304,,echo-user-voice-20260910-nine-v5,sad,historical Windows SAPI5 voice; exact voice identifier unavailable,no,3.654,-0.097,-0.345,-0.054,Q3,8,-0.34625,0.3404592486627438,-0.5975,0.2947517114938799,1.875,0.8345229603962803,3.875,4.057,0.888,0.488,0.412,no,9.843,6.854,0.3036,1,2.845,4.085,28,18.454,83.65,19.259,1.816,6.537,0.3211,1.6951,9.8948,6.224
frozen-corpus,echo-user-voice-20260910-nine-v5,8a30c7098cb6634d9c,8a30c7098cb6634d9c,2026-09-07T20:18:07.114Z,sapi5xml,preset,S01,Q4,0.6,-0.6,0.7,,,,,7.848163265306122,yes,fixed-text,"The train from the coast reaches the station after noon, and the passengers collect their bags before the doors open.",standalone/public/study/audio/8a30c7098cb6634d9c.wav,ecfc3c430b8b72ab1dc32ca0a462f0501fa12cb6194e1dba1552d89481bd9d80,,echo-user-voice-20260910-nine-v5,calm,historical Windows SAPI5 voice; exact voice identifier unavailable,no,3.944,-0.065,-0.202,0.029,Q3,8,-0.20625,0.4359533887273468,-0.40625,0.4416830634871894,2.25,1.035098339013531,2.6875,4.057,0.888,0.488,0.412,no,7.848,5.557,0.2919,1,3.568,5.038,28,18.582,91.75,20.859,2.147,7.937,0.4738,1.6047,10.1746,9.508
frozen-corpus,echo-user-voice-20260910-nine-v5,b41b9ba1b5ae13d537,b41b9ba1b5ae13d537,2026-09-07T20:18:07.114Z,espeak,neutral,S01,NEU,0.0,0.0,0.7,,,,,6.332199546485261,yes,fixed-text,"The train from the coast reaches the station after noon, and the passengers collect their bags before the doors open.",standalone/public/study/audio/b41b9ba1b5ae13d537.wav,88db42484203fdc319df3381cd05cacb838fbcd25ab8545fe7177fdc1dd63c5a,,echo-user-voice-20260910-nine-v5,neutral,historical eSpeak English voice,no,2.259,0.148,0.007,0.102,Q1,8,-0.2249999999999999,0.4711990783401125,0.135,0.6550681534880823,1.125,0.3535533905932738,2.125,4.057,0.888,0.488,0.412,no,6.332,5.208,0.1775,0,4.422,5.376,28,20.689,102.02,22.697,1.535,5.514,0.6508,0.9687,17.0527,12.543
frozen-corpus,echo-user-voice-20260910-nine-v5,521e5c9bd807c1b545,521e5c9bd807c1b545,2026-09-07T20:18:07.114Z,espeak,preset,S01,Q1,0.6,0.6,0.7,,,,,5.403401360544217,yes,fixed-text,"The train from the coast reaches the station after noon, and the passengers collect their bags before the doors open.",standalone/public/study/audio/521e5c9bd807c1b545.wav,809fddf0f920dbf36c8f7b0ecba0a88620beb74eb0ac3a48d66d70717d430472,,echo-user-voice-20260910-nine-v5,happy,historical eSpeak English voice,no,1.816,0.131,0.182,0.215,Q1,8,-0.2162499999999999,0.6099868265556466,0.0812499999999999,0.7729246405698293,1.0,0.0,2.3125,4.057,0.888,0.488,0.412,no,5.403,4.46,0.1746,0,5.182,6.278,28,19.829,124.51,26.145,1.238,4.433,0.6816,0.8301,17.1128,12.436
frozen-corpus,echo-user-voice-20260910-nine-v5,4d816938caf5b95b45,4d816938caf5b95b45,2026-09-07T20:18:07.114Z,espeak,preset,S01,Q2,-0.6,0.6,0.7,,,,,5.876825396825397,yes,fixed-text,"The train from the coast reaches the station after noon, and the passengers collect their bags before the doors open.",standalone/public/study/audio/4d816938caf5b95b45.wav,69736af3f6b635de1118161e2bb90d967f1fbae0293ee8d44341111c5e411f5b,,echo-user-voice-20260910-nine-v5,upset,historical eSpeak English voice,no,2.345,0.153,0.032,0.122,Q1,8,-0.43,0.495551640670706,0.0,0.7868381572561702,1.0,0.0,2.6875,4.057,0.888,0.488,0.412,no,5.877,4.849,0.1749,0,4.764,5.774,28,20.757,97.77,21.96,1.502,5.363,0.6336,1.1701,18.5909,11.124
frozen-corpus,echo-user-voice-20260910-nine-v5,722f380d330520344d,722f380d330520344d,2026-09-07T20:18:07.114Z,espeak,preset,S01,Q3,-0.6,-0.6,0.7,,,,,7.561995464852607,yes,fixed-text,"The train from the coast reaches the station after noon, and the passengers collect their bags before the doors open.",standalone/public/study/audio/722f380d330520344d.wav,38f3b70bc47a9552619749819aa50fdc77a3f7bb632d2c980dece3aa6c6033d6,,echo-user-voice-20260910-nine-v5,sad,historical eSpeak English voice,no,2.244,0.074,-0.141,0.015,Q4,8,-0.085,0.6424951361683604,-0.60125,0.346263215322844,1.0,0.0,2.625,4.057,0.888,0.488,0.412,no,7.562,6.186,0.182,0,3.703,4.526,28,20.476,85.48,19.634,1.253,4.124,0.5564,1.0722,16.4896,12.057
frozen-corpus,echo-user-voice-20260910-nine-v5,9910783e35f8f00d69,9910783e35f8f00d69,2026-09-07T20:18:07.114Z,espeak,preset,S01,Q4,0.6,-0.6,0.7,,,,,6.813560090702948,yes,fixed-text,"The train from the coast reaches the station after noon, and the passengers collect their bags before the doors open.",standalone/public/study/audio/9910783e35f8f00d69.wav,ada9826add2763f56eca3e5de8fa07cf711e7713d3612ef97335758cc1b7fe20,,echo-user-voice-20260910-nine-v5,calm,historical eSpeak English voice,no,2.269,0.151,-0.007,0.102,Q4,8,-0.32875,0.548541898386727,-0.0287499999999999,0.6273854477113731,1.0,0.0,1.3125,4.057,0.888,0.488,0.412,no,6.814,5.627,0.1741,0,4.109,4.976,28,21.435,106.24,23.397,1.483,5.379,0.6637,0.9342,16.533,13.558
frozen-corpus,echo-user-voice-20260910-nine-v5,037249171040bc5a9b,037249171040bc5a9b,2026-09-07T20:18:07.114Z,kokoro,neutral,S01,NEU,0.0,0.0,0.7,,,,,7.225,yes,fixed-text,"The train from the coast reaches the station after noon, and the passengers collect their bags before the doors open.",standalone/public/study/audio/037249171040bc5a9b.wav,320148c0696c8dacadb608403679761ded6a26c17df400548b1bf82434c0304a,,echo-user-voice-20260910-nine-v5,neutral,af_heart,no,4.528,-0.12,-0.092,0.105,Q3,8,0.21625,0.396049690244617,-0.2075,0.4540217112492686,3.5,0.9258200997725514,3.5,4.057,0.888,0.488,0.412,yes,7.225,5.12,0.2913,2,3.875,5.469,28,18.552,185.31,33.03,3.497,9.356,0.4868,2.3119,8.157,10.428
frozen-corpus,echo-user-voice-20260910-nine-v5,b656c48213e07612f9,b656c48213e07612f9,2026-09-07T20:18:07.114Z,kokoro,preset,S01,Q1,0.6,0.6,0.7,,,,,6.75,yes,fixed-text,"The train from the coast reaches the station after noon, and the passengers collect their bags before the doors open.",standalone/public/study/audio/b656c48213e07612f9.wav,cad573a1b798f135e671aab2698cc0c35de5eff7fd7fcd85c6ed34770716c9e9,,echo-user-voice-20260910-nine-v5,happy,af_heart,no,4.501,-0.073,-0.078,0.093,Q3,8,0.5825,0.1565475737823581,0.5225,0.1532271889338554,3.875,0.8345229603962802,4.125,4.057,0.888,0.488,0.412,yes,6.75,4.74,0.2978,1,4.148,5.907,28,18.579,199.47,34.304,4.387,9.952,0.4955,2.0457,7.6167,11.148
frozen-corpus,echo-user-voice-20260910-nine-v5,e89bf984544f00bb0a,e89bf984544f00bb0a,2026-09-07T20:18:07.114Z,kokoro,preset,S01,Q2,-0.6,0.6,0.7,,,,,7.0,yes,fixed-text,"The train from the coast reaches the station after noon, and the passengers collect their bags before the doors open.",standalone/public/study/audio/e89bf984544f00bb0a.wav,332b5e83b7452545c190354a749eb8f6ae288fde57604d409fe5985a34768418,,echo-user-voice-20260910-nine-v5,upset,af_heart,no,4.52,-0.126,-0.083,0.103,Q3,8,0.45875,0.2711582300323664,0.22625,0.2627838601262587,3.625,0.9161253813129044,2.1875,4.057,0.888,0.488,0.412,yes,7.0,4.91,0.2986,1,4.0,5.703,28,18.777,190.82,33.536,3.259,8.84,0.4806,2.262,8.1524,10.579
frozen-corpus,echo-user-voice-20260910-nine-v5,620080afb7d602332e,620080afb7d602332e,2026-09-07T20:18:07.114Z,kokoro,preset,S01,Q3,-0.6,-0.6,0.7,,,,,9.7,yes,fixed-text,"The train from the coast reaches the station after noon, and the passengers collect their bags before the doors open.",standalone/public/study/audio/620080afb7d602332e.wav,699dede625528848a9aa798563a155a9bf2af330d96ef15fab60dc100ea1a9ca,,echo-user-voice-20260910-nine-v5,sad,af_heart,no,4.512,-0.207,-0.216,0.007,Q3,8,0.31125,0.2169553937037354,-0.58375,0.4163081791173457,3.0,0.7559289460184545,3.125,4.057,0.888,0.488,0.412,yes,9.7,6.72,0.3072,2,2.887,4.167,28,16.742,164.53,30.971,2.868,8.598,0.4881,2.1939,7.503,11.258
frozen-corpus,echo-user-voice-20260910-nine-v5,669259e7fe157cd650,669259e7fe157cd650,2026-09-07T20:18:07.114Z,kokoro,preset,S01,Q4,0.6,-0.6,0.7,,,,,7.525,yes,fixed-text,"The train from the coast reaches the station after noon, and the passengers collect their bags before the doors open.",standalone/public/study/audio/669259e7fe157cd650.wav,29b6cc99a425345d5f1854bc78b0f0210f277b3711154f324030acbb73f0e986,,echo-user-voice-20260910-nine-v5,calm,af_heart,no,4.53,-0.127,-0.109,0.092,Q3,8,0.39625,0.2777428152600377,-0.16,0.3680450283010801,3.5,1.1952286093343936,4.125,4.057,0.888,0.488,0.412,yes,7.525,5.35,0.289,2,3.721,5.234,28,19.145,183.73,32.881,3.379,9.097,0.4833,2.2719,7.8308,10.514
frozen-corpus,echo-user-voice-20260910-nine-v5,950cedd16598869f09,950cedd16598869f09,2026-09-07T20:18:07.114Z,chatterbox,neutral,S01,NEU,0.0,0.0,0.7,,,,,5.46,yes,fixed-text,"The train from the coast reaches the station after noon, and the passengers collect their bags before the doors open.",standalone/public/study/audio/950cedd16598869f09.wav,ff878f283ecb112c6c0bb26b1bd6d09a5a610f3528ac234b95b966b11fc47171,,echo-user-voice-20260910-nine-v5,neutral,RAVDESS actor 03 reference,no,4.398,-0.109,0.06,0.184,Q2,8,0.0274999999999999,0.4959190602161952,0.51625,0.3089122621623908,3.875,0.3535533905932738,2.875,4.057,0.888,0.488,0.412,yes,5.46,3.72,0.3187,1,5.128,7.527,28,20.582,142.38,28.467,3.545,11.94,0.5635,2.5996,11.4984,10.37
frozen-corpus,echo-user-voice-20260910-nine-v5,5edacc98e5683c5ecb,5edacc98e5683c5ecb,2026-09-07T20:18:07.114Z,chatterbox,preset,S01,Q1,0.6,0.6,0.7,,,,,5.72,yes,fixed-text,"The train from the coast reaches the station after noon, and the passengers collect their bags before the doors open.",standalone/public/study/audio/5edacc98e5683c5ecb.wav,ae904a0c17c22ef56f36ef8327e7bfcc4191ff50c0309d0388f8ec9217483198,,echo-user-voice-20260910-nine-v5,happy,RAVDESS actor 03 reference,no,3.789,-0.059,0.212,0.274,Q2,8,0.80375,0.2638688797760845,0.57375,0.474068635778166,3.875,0.9910312089651148,4.5,4.057,0.888,0.488,0.412,no,5.72,4.06,0.2902,1,4.895,6.897,28,17.672,165.03,31.023,3.931,13.067,0.7118,2.5872,11.8083,10.963
frozen-corpus,echo-user-voice-20260910-nine-v5,1a923a3168f05f8ad2,1a923a3168f05f8ad2,2026-09-07T20:18:07.114Z,chatterbox,preset,S01,Q2,-0.6,0.6,0.7,,,,,5.32,yes,fixed-text,"The train from the coast reaches the station after noon, and the passengers collect their bags before the doors open.",standalone/public/study/audio/1a923a3168f05f8ad2.wav,44edde4d881d472a97aa23aec49f4dc4f3ca488d592382c8111a57d530c036be,,echo-user-voice-20260910-nine-v5,upset,RAVDESS actor 03 reference,no,4.392,0.034,0.097,0.219,Q1,8,-0.0837499999999999,0.6057330270011699,0.5175000000000001,0.3264418565599174,3.375,0.7440238091428449,3.4375,4.057,0.888,0.488,0.412,yes,5.32,3.93,0.2613,0,5.263,7.125,28,20.896,116.57,25.004,2.994,8.877,0.5492,2.8458,12.5422,7.355
frozen-corpus,echo-user-voice-20260910-nine-v5,70f3f250db17be861b,70f3f250db17be861b,2026-09-07T20:18:07.114Z,chatterbox,preset,S01,Q3,-0.6,-0.6,0.7,,,,,6.56,yes,fixed-text,"The train from the coast reaches the station after noon, and the passengers collect their bags before the doors open.",standalone/public/study/audio/70f3f250db17be861b.wav,74645fe19c91c938f463ecbd62a3462dfccae950a05607961e3026a096934387,,echo-user-voice-20260910-nine-v5,sad,RAVDESS actor 03 reference,no,4.398,-0.163,-0.229,-0.026,Q3,8,-0.11875,0.4728768338584583,-0.12375,0.4459320095517445,3.375,0.9161253813129044,3.1875,4.057,0.888,0.488,0.412,yes,6.56,4.83,0.2637,1,4.268,5.797,28,20.46,135.13,27.563,2.844,9.809,0.5727,2.3378,9.6211,11.708
frozen-corpus,echo-user-voice-20260910-nine-v5,42e1473388d0770cd4,42e1473388d0770cd4,2026-09-07T20:18:07.114Z,chatterbox,preset,S01,Q4,0.6,-0.6,0.7,,,,,7.1,yes,fixed-text,"The train from the coast reaches the station after noon, and the passengers collect their bags before the doors open.",standalone/public/study/audio/42e1473388d0770cd4.wav,23f13fd99360f30b07607843672ff9fe3af7b6f7dfdc20f655d3742c572584e8,,echo-user-voice-20260910-nine-v5,calm,RAVDESS actor 03 reference,no,4.473,-0.191,-0.328,-0.096,Q3,8,0.0625,0.4582497759332317,-0.3575,0.4723724317587917,3.625,0.7440238091428449,3.5,4.057,0.888,0.488,0.412,yes,7.1,5.3,0.2535,1,3.944,5.283,28,19.029,113.86,24.597,2.965,9.234,0.5658,2.4645,9.4755,10.688
frozen-corpus,echo-user-voice-20260910-nine-v5,10b80782c4ecaf6c7e,10b80782c4ecaf6c7e,2026-09-07T20:18:07.114Z,zipvoice,neutral,S01,NEU,0.0,0.0,0.7,,,,,7.383,yes,fixed-text,"The train from the coast reaches the station after noon, and the passengers collect their bags before the doors open.",standalone/public/study/audio/10b80782c4ecaf6c7e.wav,b6c6017770cc87938f981dc438335e535285dadb33d2a043dc0d68f3ffc3b620,,echo-user-voice-20260910-nine-v5,neutral,RAVDESS actor 03 reference,no,4.125,-0.084,-0.0,0.164,Q2,8,0.17125,0.3660381517976351,-0.0174999999999999,0.4904152759214815,3.5,0.5345224838248488,3.375,4.057,0.888,0.488,0.412,yes,7.383,5.7,0.228,1,3.792,4.912,28,20.683,137.66,27.884,4.653,15.44,0.5741,2.5683,10.8797,8.694
frozen-corpus,echo-user-voice-20260910-nine-v5,f7df98c7190b459c8f,f7df98c7190b459c8f,2026-09-07T20:18:07.114Z,zipvoice,preset,S01,Q1,0.6,0.6,0.7,,,,,8.913,yes,fixed-text,"The train from the coast reaches the station after noon, and the passengers collect their bags before the doors open.",standalone/public/study/audio/f7df98c7190b459c8f.wav,d27a7021cbb785ba947d2f34ffd68d43d4bd3ebb76f32ce3f9e9e9920e296131,,echo-user-voice-20260910-nine-v5,happy,RAVDESS actor 03 reference,no,4.297,-0.103,0.151,0.275,Q2,8,0.11,0.4312109195542909,-0.09875,0.3590239745277664,2.875,0.991031208965115,2.375,4.057,0.888,0.488,0.412,yes,8.913,7.06,0.2079,1,3.141,3.966,28,19.176,156.12,30.062,4.053,11.988,0.5743,2.3101,10.1548,8.856
frozen-corpus,echo-user-voice-20260910-nine-v5,1f3faed45355184941,1f3faed45355184941,2026-09-07T20:18:07.114Z,zipvoice,preset,S01,Q2,-0.6,0.6,0.7,,,,,12.163,yes,fixed-text,"The train from the coast reaches the station after noon, and the passengers collect their bags before the doors open.",standalone/public/study/audio/1f3faed45355184941.wav,b23b4346265fd9ff046ec3ba6904c8b9278019bc83d9fbba36eb93cbf4c47c25,,echo-user-voice-20260910-nine-v5,upset,RAVDESS actor 03 reference,no,4.513,-0.163,-0.204,0.031,Q3,8,0.0125,0.3523289858721736,-0.3325,0.5846549654038941,3.0,0.9258200997725514,2.5,4.057,0.888,0.488,0.412,yes,12.163,7.98,0.3439,3,2.302,3.509,28,20.578,120.32,25.552,3.562,10.794,0.4559,2.1669,7.7866,9.942
frozen-corpus,echo-user-voice-20260910-nine-v5,edabba7dc7032f5a6d,edabba7dc7032f5a6d,2026-09-07T20:18:07.114Z,zipvoice,preset,S01,Q3,-0.6,-0.6,0.7,,,,,8.429,yes,fixed-text,"The train from the coast reaches the station after noon, and the passengers collect their bags before the doors open.",standalone/public/study/audio/edabba7dc7032f5a6d.wav,c63df7b437d208d4f8a24565231a655fb38a77738bbc3f976911f09d6c6cfa17,,echo-user-voice-20260910-nine-v5,sad,RAVDESS actor 03 reference,no,4.436,-0.146,-0.175,0.033,Q3,8,-0.14,0.4591918366621328,-0.3612499999999999,0.503911485991623,2.75,0.7071067811865476,3.625,4.057,0.888,0.488,0.412,yes,8.429,6.54,0.2241,1,3.322,4.281,28,19.99,143.23,28.57,3.172,10.92,0.584,2.2386,8.9019,10.813
frozen-corpus,echo-user-voice-20260910-nine-v5,1c3f6be429d3524340,1c3f6be429d3524340,2026-09-07T20:18:07.114Z,zipvoice,preset,S01,Q4,0.6,-0.6,0.7,,,,,9.126,yes,fixed-text,"The train from the coast reaches the station after noon, and the passengers collect their bags before the doors open.",standalone/public/study/audio/1c3f6be429d3524340.wav,cb1fd22759f58455e90df7689427bff4acdc15c97fff5e06789db45963268be8,,echo-user-voice-20260910-nine-v5,calm,RAVDESS actor 03 reference,no,4.373,-0.12,-0.215,-0.014,Q3,8,-0.0012499999999999,0.613571220688473,-0.2475,0.5186727567276197,2.875,0.9910312089651148,3.25,4.057,0.888,0.488,0.412,yes,9.126,7.09,0.2231,2,3.068,3.949,28,19.999,127.48,26.553,2.911,9.564,0.5479,1.9771,9.8392,10.321
frozen-corpus,echo-user-voice-20260910-nine-v5,69ed11ef88738687ef,69ed11ef88738687ef,2026-09-07T20:18:07.114Z,styletts2,neutral,S01,NEU,0.0,0.0,0.7,,,,,6.422916666666667,yes,fixed-text,"The train from the coast reaches the station after noon, and the passengers collect their bags before the doors open.",standalone/public/study/audio/69ed11ef88738687ef.wav,b5791de8eb06435fd0f0dc748411c1dc2e096adb6d863c0e17570f8dc78e3bbd,,echo-user-voice-20260910-nine-v5,neutral,RAVDESS actor 03 reference,no,4.458,-0.149,0.034,0.179,Q2,8,0.13625,0.4913229226137472,0.33,0.2704493615131253,3.375,0.9161253813129044,3.125,4.057,0.888,0.488,0.412,yes,6.423,4.55,0.2916,1,4.359,6.154,28,20.236,124.45,26.137,2.848,9.225,0.5462,2.2922,12.2196,8.953
frozen-corpus,echo-user-voice-20260910-nine-v5,c6869b2b49729e1e15,c6869b2b49729e1e15,2026-09-07T20:18:07.114Z,styletts2,preset,S01,Q1,0.6,0.6,0.7,,,,,6.497916666666667,yes,fixed-text,"The train from the coast reaches the station after noon, and the passengers collect their bags before the doors open.",standalone/public/study/audio/c6869b2b49729e1e15.wav,7de3f3fb7749b6d54ae92a8e97b25251829bae6c750b3d73cffac347e33a3407,,echo-user-voice-20260910-nine-v5,happy,RAVDESS actor 03 reference,no,4.453,-0.094,0.168,0.274,Q2,8,0.2875,0.2894699589644098,0.36375,0.207291203038486,3.375,0.9161253813129044,3.5,4.057,0.888,0.488,0.412,yes,6.498,4.76,0.2675,0,4.309,5.882,28,19.695,141.65,28.378,2.633,8.654,0.6115,2.5797,11.6424,9.756
frozen-corpus,echo-user-voice-20260910-nine-v5,82244a5691688551a2,82244a5691688551a2,2026-09-07T20:18:07.114Z,styletts2,preset,S01,Q2,-0.6,0.6,0.7,,,,,6.622916666666667,yes,fixed-text,"The train from the coast reaches the station after noon, and the passengers collect their bags before the doors open.",standalone/public/study/audio/82244a5691688551a2.wav,b7ab4a61a2ca5f61f06d3aea9280a57742865eaf0299f16647d5332a270e5c25,,echo-user-voice-20260910-nine-v5,upset,RAVDESS actor 03 reference,no,4.424,-0.128,0.009,0.172,Q2,8,0.1012499999999999,0.4012636290520236,0.42125,0.2135708313417354,3.375,0.7440238091428449,2.5625,4.057,0.888,0.488,0.412,yes,6.623,4.94,0.2541,0,4.228,5.668,28,19.204,111.39,24.218,2.592,8.863,0.5159,2.7691,12.0998,7.242
frozen-corpus,echo-user-voice-20260910-nine-v5,90d1b11f4b37265d3c,90d1b11f4b37265d3c,2026-09-07T20:18:07.114Z,styletts2,preset,S01,Q3,-0.6,-0.6,0.7,,,,,6.672916666666667,yes,fixed-text,"The train from the coast reaches the station after noon, and the passengers collect their bags before the doors open.",standalone/public/study/audio/90d1b11f4b37265d3c.wav,b0ddcdbe19e78832c197710767bc56944c2ec9ffb4e9b2a61a2d28b94c8eee95,,echo-user-voice-20260910-nine-v5,sad,RAVDESS actor 03 reference,no,4.395,-0.152,-0.069,0.096,Q3,8,-0.09,0.5224393334568687,-0.0137499999999999,0.6181293785053648,3.375,0.9161253813129044,3.3125,4.057,0.888,0.488,0.412,yes,6.673,4.98,0.2537,1,4.196,5.622,28,19.375,132.1,27.17,2.288,7.161,0.5422,2.679,9.8616,10.09
frozen-corpus,echo-user-voice-20260910-nine-v5,7dcfae81f976911a27,7dcfae81f976911a27,2026-09-07T20:18:07.114Z,styletts2,preset,S01,Q4,0.6,-0.6,0.7,,,,,6.747916666666667,yes,fixed-text,"The train from the coast reaches the station after noon, and the passengers collect their bags before the doors open.",standalone/public/study/audio/7dcfae81f976911a27.wav,af7348b297953e9bb374835db8e2c1a019a62dd91a67607076144e72d0dd8598,,echo-user-voice-20260910-nine-v5,calm,RAVDESS actor 03 reference,no,4.462,-0.15,-0.092,0.086,Q3,8,0.00875,0.3527215615751325,0.075,0.266243712199395,3.0,0.7559289460184544,3.0,4.057,0.888,0.488,0.412,yes,6.748,5.14,0.2383,0,4.149,5.447,28,18.426,113.48,24.539,2.375,7.67,0.5753,1.9987,9.114,9.929
frozen-corpus,echo-user-voice-20260910-nine-v5,cd9e60676e00ab6a54,cd9e60676e00ab6a54,2026-09-07T20:18:07.114Z,cosyvoice2,neutral,S01,NEU,0.0,0.0,0.7,,,,,9.48,yes,fixed-text,"The train from the coast reaches the station after noon, and the passengers collect their bags before the doors open.",standalone/public/study/audio/cd9e60676e00ab6a54.wav,35f9f880bfd2d9f270bee5ab05f9d6e4c06dcb1a0723e09fded74c52839a0396,,echo-user-voice-20260910-nine-v5,neutral,RAVDESS actor 03 reference,no,4.358,0.001,-0.014,0.112,Q4,8,-0.02875,0.3640422856129295,-0.5375,0.306162888485385,2.0,0.0,2.4375,4.057,0.888,0.488,0.412,yes,9.48,6.01,0.366,4,2.954,4.659,28,20.545,157.76,30.242,3.581,11.381,0.5429,2.2166,9.8205,11.502
frozen-corpus,echo-user-voice-20260910-nine-v5,9a9920bf34ff7de690,9a9920bf34ff7de690,2026-09-07T20:18:07.114Z,cosyvoice2,preset,S01,Q1,0.6,0.6,0.7,,,,,6.56,yes,fixed-text,"The train from the coast reaches the station after noon, and the passengers collect their bags before the doors open.",standalone/public/study/audio/9a9920bf34ff7de690.wav,d6155afe2aa3291b46a17f82a3b19b724c25c6cf53b43456147573deb49b3302,,echo-user-voice-20260910-nine-v5,happy,RAVDESS actor 03 reference,no,4.442,-0.098,-0.025,0.13,Q3,8,0.27,0.4910048006748145,0.4125,0.3593943317781816,3.75,0.4629100498862757,3.5,4.057,0.888,0.488,0.412,yes,6.56,4.73,0.279,2,4.268,5.92,28,20.164,144.19,28.686,3.428,11.098,0.5773,2.5146,10.5678,10.298
frozen-corpus,echo-user-voice-20260910-nine-v5,c2607ba834caffe9a1,c2607ba834caffe9a1,2026-09-07T20:18:07.114Z,cosyvoice2,preset,S01,Q2,-0.6,0.6,0.7,,,,,7.64,yes,fixed-text,"The train from the coast reaches the station after noon, and the passengers collect their bags before the doors open.",standalone/public/study/audio/c2607ba834caffe9a1.wav,d110a1b9a7a2bef15848eaf43eb46917ff2c83a80b5b8eb8bd76df52b51c4015,,echo-user-voice-20260910-nine-v5,upset,RAVDESS actor 03 reference,no,4.433,-0.191,0.08,0.216,Q2,8,-0.32125,0.3695726296297232,0.15125,0.5311022903896602,3.25,0.8864052604279183,3.5,4.057,0.888,0.488,0.412,yes,7.64,4.63,0.394,3,3.665,6.048,28,21.865,149.5,29.312,3.429,9.844,0.5138,2.6864,9.8281,11.163
frozen-corpus,echo-user-voice-20260910-nine-v5,45235100a02bc3b60b,45235100a02bc3b60b,2026-09-07T20:18:07.114Z,cosyvoice2,preset,S01,Q3,-0.6,-0.6,0.7,,,,,7.92,yes,fixed-text,"The train from the coast reaches the station after noon, and the passengers collect their bags before the doors open.",standalone/public/study/audio/45235100a02bc3b60b.wav,a120addf700169c201a1953e19621006e245aba3f4dab83607f47a36e4fbbf9c,,echo-user-voice-20260910-nine-v5,sad,RAVDESS actor 03 reference,no,4.456,-0.201,-0.175,0.024,Q3,8,-0.37,0.413659625434107,-0.50375,0.3184308626463746,2.75,0.8864052604279185,3.875,4.057,0.888,0.488,0.412,yes,7.92,5.52,0.303,2,3.535,5.072,28,20.48,134.48,27.478,3.042,9.066,0.5653,1.6362,8.6604,12.793
frozen-corpus,echo-user-voice-20260910-nine-v5,19079d7d5db601d2d2,19079d7d5db601d2d2,2026-09-07T20:18:07.114Z,cosyvoice2,preset,S01,Q4,0.6,-0.6,0.7,,,,,6.2,yes,fixed-text,"The train from the coast reaches the station after noon, and the passengers collect their bags before the doors open.",standalone/public/study/audio/19079d7d5db601d2d2.wav,d50173876c5cc6d0940c44a705a2fed8a1b6b01e6aebb9840488a0c403a19b65,,echo-user-voice-20260910-nine-v5,calm,RAVDESS actor 03 reference,no,4.445,-0.112,-0.092,0.085,Q3,8,0.32,0.2697088377173746,-0.09875,0.3744114428959518,3.75,0.7071067811865475,3.6875,4.057,0.888,0.488,0.412,yes,6.2,4.67,0.2468,1,4.516,5.996,28,21.088,135.89,27.66,3.245,11.201,0.6272,2.5708,10.7124,10.564
frozen-corpus,echo-user-voice-20260910-nine-v5,a0f712bc4df4817c9d,a0f712bc4df4817c9d,2026-09-07T20:18:07.114Z,parlertts,neutral,S01,NEU,0.0,0.0,0.7,,,,,6.025578231292517,yes,fixed-text,"The train from the coast reaches the station after noon, and the passengers collect their bags before the doors open.",standalone/public/study/audio/a0f712bc4df4817c9d.wav,3b752248d31d6174a0ac5a0dd581cb4481a6482240b57aed105b033522a0cca5,,echo-user-voice-20260910-nine-v5,neutral,Jon,no,4.22,-0.172,-0.239,-0.027,Q3,8,-0.06,0.6002142474626396,-0.29125,0.4875723389552423,3.375,0.7440238091428448,2.6875,4.057,0.888,0.488,0.412,yes,6.026,3.86,0.3594,1,4.647,7.254,28,18.154,160.77,30.57,3.571,12.908,0.626,2.0466,8.4697,15.693
frozen-corpus,echo-user-voice-20260910-nine-v5,667588808e84a95891,667588808e84a95891,2026-09-07T20:18:07.114Z,parlertts,preset,S01,Q1,0.6,0.6,0.7,,,,,5.38702947845805,yes,fixed-text,"The train from the coast reaches the station after noon, and the passengers collect their bags before the doors open.",standalone/public/study/audio/667588808e84a95891.wav,07539daf136f2354251e4247d658a740c200ad9a68ef2b41e64a8a3b46e2db31,,echo-user-voice-20260910-nine-v5,happy,Jon,no,3.887,-0.065,0.235,0.316,Q2,8,0.3775,0.606459279047536,0.54625,0.4160335666402755,3.5,1.1952286093343936,3.9375,4.057,0.888,0.488,0.412,no,5.387,3.75,0.3039,1,5.198,7.467,28,18.38,188.07,33.285,4.634,15.134,0.6449,2.4934,9.7355,12.653
frozen-corpus,echo-user-voice-20260910-nine-v5,171d534130dd71c5eb,171d534130dd71c5eb,2026-09-07T20:18:07.114Z,parlertts,preset,S01,Q2,-0.6,0.6,0.7,,,,,5.712108843537415,yes,fixed-text,"The train from the coast reaches the station after noon, and the passengers collect their bags before the doors open.",standalone/public/study/audio/171d534130dd71c5eb.wav,299e410e1e1e29eef414283ade20810fa5ad74767293a2631241b8ccbbf2c35f,,echo-user-voice-20260910-nine-v5,upset,Jon,no,4.035,-0.117,0.048,0.154,Q2,8,0.3025,0.5022734030670661,0.0037499999999999,0.4895460725435933,3.875,0.8345229603962803,2.4375,4.057,0.888,0.488,0.412,no,5.712,4.25,0.256,1,4.902,6.588,28,20.106,180.88,32.61,4.198,15.018,0.6444,2.3421,8.8214,15.057
frozen-corpus,echo-user-voice-20260910-nine-v5,82dca3969a9d3ba7f1,82dca3969a9d3ba7f1,2026-09-07T20:18:07.114Z,parlertts,preset,S01,Q3,-0.6,-0.6,0.7,,,,,5.700498866213152,yes,fixed-text,"The train from the coast reaches the station after noon, and the passengers collect their bags before the doors open.",standalone/public/study/audio/82dca3969a9d3ba7f1.wav,b3f60cd2ca005d9b3defa92e4b90a7a2130acbe590e05ef146c70f7bad90130b,,echo-user-voice-20260910-nine-v5,sad,Jon,no,4.2,-0.165,-0.173,0.016,Q3,8,0.26125,0.440306305720396,0.27,0.4758751336822958,3.5,0.9258200997725512,2.4375,4.057,0.888,0.488,0.412,yes,5.7,4.31,0.2439,0,4.912,6.497,28,19.706,151.68,29.562,3.426,11.167,0.6296,2.475,8.6253,15.095
frozen-corpus,echo-user-voice-20260910-nine-v5,0793d9e965bf7b04f8,0793d9e965bf7b04f8,2026-09-07T20:18:07.114Z,parlertts,preset,S01,Q4,0.6,-0.6,0.7,,,,,5.77015873015873,yes,fixed-text,"The train from the coast reaches the station after noon, and the passengers collect their bags before the doors open.",standalone/public/study/audio/0793d9e965bf7b04f8.wav,abb13caefc5d86eb96ce7c2cfdb8c884167c7bee8d11a2e348ae58e613946ece,,echo-user-voice-20260910-nine-v5,calm,Jon,no,4.113,-0.152,-0.132,0.043,Q3,8,0.305,0.2491127111512836,0.1725,0.5168240927599476,3.5,0.7559289460184544,3.4375,4.057,0.888,0.488,0.412,yes,5.77,4.02,0.3033,0,4.853,6.965,28,20.658,148.22,29.163,4.076,12.795,0.5889,2.3864,9.0874,12.485
