engine,n,auto_utmos,auto_quadrant_acc,auto_arousal_err,auto_valence_err,auto_utmos_neutral,lis_improvement,lis_imp_valence,lis_imp_arousal,lis_preset_error,lis_preset_naturalness,lis_neutral_naturalness,lis_target_match,auto_transmission_arousal,utmos_human_gap,ceiling_quadrant,ceiling_arousal,ceiling_valence,utmos_natural_anchor
cosyvoice2,4,4.444,0.5,0.25975000000000004,0.27725,4.358,0.1262499999999999,0.1117187499999999,0.14078125,0.1993749999999999,3.375,2.0,3.640625,0.74025,1.069,0.412,0.888,0.488,4.057
sapi5xml,4,3.67375,0.25,0.23375,0.28875,3.849,0.0885937499999999,-0.00375,0.1809375,0.25484375,1.90625,2.25,3.0625,0.76625,1.7675,0.412,0.888,0.488,4.057
kokoro,4,4.51575,0.25,0.27949999999999997,0.283375,4.528,0.0849218749999999,0.0104687499999999,0.159375,0.2310156249999999,3.5,3.5,3.390625,0.7205,1.0157499999999997,0.412,0.888,0.488,4.057
chatterbox,4,4.263,0.25,0.19175,0.315125,4.398,0.0847656249999999,0.0385937499999999,0.1309374999999999,0.2383593749999999,3.5625,3.875,3.65625,0.80825,0.7004999999999999,0.412,0.888,0.488,4.057
pyttsx3,4,4.12975,0.5,0.22412499999999996,0.29562499999999997,4.193,0.08375,0.04875,0.11875,0.2346874999999999,2.0,2.5,3.0,0.7758750000000001,2.1297499999999996,0.412,0.888,0.488,4.057
styletts2,4,4.4335,0.5,0.25775,0.2955,4.458,0.060078125,0.050625,0.0695312499999999,0.2527343749999999,3.28125,3.375,3.09375,0.7422500000000001,1.1522500000000004,0.412,0.888,0.488,4.057
parlertts,4,4.05875,0.5,0.22649999999999998,0.291875,4.22,0.0171093749999999,0.01765625,0.0165624999999999,0.3241406249999999,3.59375,3.375,3.0625,0.7735000000000001,0.46499999999999986,0.412,0.888,0.488,4.057
espeak,4,2.1685,0.5,0.25475,0.29312499999999997,2.259,0.000703125,-0.0475,0.04890625,0.339296875,1.0,1.125,2.234375,0.74525,1.1684999999999999,0.412,0.888,0.488,4.057
zipvoice,4,4.40475,0.25,0.25787499999999997,0.28925,4.125,-0.005859375,0.0023437499999999,-0.0140625,0.3096093749999999,2.875,3.5,2.9375,0.742125,1.52975,0.412,0.888,0.488,4.057
