engine,emotion,duration_ratio,rms_change_db,f0_change_st
pyttsx3,happy,0.7468915695150428,1.5689659237730424,0.07097612526598543
pyttsx3,upset,0.8691719562670174,3.565021320796909,-0.015236062997880351
pyttsx3,sad,1.233812979962741,-4.432700012656333,-0.024607309697725316
pyttsx3,calm,1.0814640602213625,-1.1246833633960982,-0.02078050679636277
sapi5xml,happy,0.6928363051077635,-3.368138495985473,1.9387394862105523
sapi5xml,upset,0.8685272740990367,-1.8556662482210697,-0.5967694883117839
sapi5xml,sad,1.3645851671151572,-8.394319314154345,-2.111675954465352
sapi5xml,calm,1.088021527550738,-9.494534179557764,0.47640625967784145
espeak,happy,0.8533213965980304,-0.43054497137118375,3.446248333218469
espeak,upset,0.9280859444941808,-0.6727664172753833,-0.7178569521937441
espeak,sad,1.1942130707251566,-3.498608843320568,-3.2880301337771876
espeak,calm,1.0760179051029544,-3.5085584712296054,0.6820376381498654
kokoro,happy,0.9342560553633218,1.372623326325737,1.3658538268857565
kokoro,upset,0.9688581314878894,3.4914668281946533,0.511390078564049
kokoro,sad,1.342560553633218,-4.501333264544879,-1.9303828112005776
kokoro,calm,1.0415224913494812,-1.1883686159493934,-0.11009722172414341
chatterbox,happy,1.0476190476190477,-0.07331463720835885,2.585473524260205
chatterbox,upset,0.9743589743589745,0.26910684029381926,-3.3100357911918943
chatterbox,sad,1.2014652014652014,0.31654589383504117,-0.9059619219114915
chatterbox,calm,1.3003663003663004,0.37793566028917525,-3.8620177781049785
zipvoice,happy,1.2072328321820398,0.2911260578030159,2.1858610334622695
zipvoice,upset,1.6474332926994446,-0.7055105735668441,-2.3699637813565912
zipvoice,sad,1.1416768251388325,0.08401743133317652,0.6659687872987661
zipvoice,calm,1.2360828931328727,0.016005251667824183,-1.3745108269033885
styletts2,happy,1.0116769380473565,0.21338292788389523,2.1824338226725333
styletts2,upset,1.0311385014596173,0.29271339652837725,-1.9388545704612807
styletts2,sad,1.0389231268245216,0.33051073729076563,0.8213562813547395
styletts2,calm,1.050600064871878,0.4515308443232726,-1.4695659899230515
cosyvoice2,happy,0.6919831223628691,0.38751105967161337,-1.7035195605459337
cosyvoice2,upset,0.8059071729957805,-0.23848227865840244,-1.2867113316320973
cosyvoice2,sad,0.8354430379746834,0.3456451411718682,-2.8300848591807606
cosyvoice2,calm,0.6540084388185654,0.7159709336796709,-2.871528862502851
parlertts,happy,0.8940269749518305,0.22725738033543053,2.8055329455029536
parlertts,upset,0.9479768786127167,0.5725138144299251,1.9920856912662712
parlertts,sad,0.9460500963391136,0.8762794813901742,-0.9710436583131821
parlertts,calm,0.9576107899807322,0.35453542216786715,-1.2742080364603843
