item_id,engine,condition,emotion,text_id,duration_s,words_per_s,rms_dbfs,f0_median_hz,f0_iqr_st,peak,clipped_samples,sha256
291f113992428215ec,pyttsx3,neutral,neutral,S01,5.38,3.717472118959108,-25.285196111364833,169.40788787263358,2.3858377289281965,0.252105712890625,0,7c9b53aac750e83dfaed18bcdf3827ab125a7118ccbfadffaba99157057a5f62
53ee759fa9d79a6e16,pyttsx3,preset,happy,S01,4.01827664399093,4.977258106384659,-23.71623018759179,170.10384210647527,2.2332162288258406,0.30145263671875,0,a2c29cee8c3933edd7d3891df04e95a47075f839f49bf1ab6cb837a2445b02fc
3880eb8c1541cb01b5,pyttsx3,preset,upset,S01,4.6761451247165535,4.277027223617725,-21.720174790567924,169.25886274176267,2.3386004464617436,0.3756103515625,0,7ff5d495ef7ef267dc9b81be265680690f1c162ab346a981cb6fcf96b18a0574
516ab48a72b5ab260f,pyttsx3,preset,sad,S01,6.637913832199547,3.012994821201645,-29.717896124021166,169.16726696141765,2.4230732226025875,0.1514892578125,0,075f930a90aebe64bc91db22bbcd73db2229e896c8dd29ca49addb3ef3c360d4
d059f63aa95110c42d,pyttsx3,preset,calm,S01,5.81827664399093,3.4374439758989186,-26.40987947476093,169.20466463982564,2.386201341094337,0.222991943359375,0,009c5f6fede5fff7d89c816491f378140e0318ba0280a8349949a9a14c51b611
9e26cadc4eb110ab26,sapi5xml,neutral,neutral,S01,7.213242630385488,2.7726781178482507,-21.633765025439104,88.86949657277262,2.9745576351121623,0.843780517578125,0,a5ec1bb6db1bcc3f205df601dea73279762fd0503d804e39489277fed6ff772d
c04a15e55e03807e63,sapi5xml,preset,happy,S01,4.997596371882087,4.001923827327422,-25.001903521424577,99.40028163744304,2.8714634464003694,0.571533203125,0,1addda84f4f649b6ed3e160a64d0fd2c9e1b12bc3f06979b0547495de179919f
14b24a81b81b8da222,sapi5xml,preset,upset,S01,6.264897959183673,3.1923903837383545,-23.489431273660173,85.85829507964407,2.7927403671828612,0.70635986328125,0,3d7aaf7155778ee0db2c334fe4149f7c5887dc4e451a634c44a67e9f48bea60d
eeece30866564cdfdb,sapi5xml,preset,sad,S01,9.843083900226757,2.0318835237744195,-30.02808433959345,78.66464184751831,3.084240878625339,0.3271484375,0,3d9833f5fc5b903ff7826d370b4375820518a7e9efde8bf155b53b5a103d1304
8a30c7098cb6634d9c,sapi5xml,preset,calm,S01,7.848163265306122,2.5483669648429372,-31.128299204996868,91.34899376625955,2.93196245867363,0.276275634765625,0,ecfc3c430b8b72ab1dc32ca0a462f0501fa12cb6194e1dba1552d89481bd9d80
b41b9ba1b5ae13d537,espeak,neutral,neutral,S01,6.332199546485261,3.1584601611459266,-17.44434014641064,102.00982451452695,1.9058498380876676,0.995758056640625,0,88db42484203fdc319df3381cd05cacb838fbcd25ab8545fe7177fdc1dd63c5a
521e5c9bd807c1b545,espeak,preset,happy,S01,5.403401360544217,3.701372277477024,-17.874885117781822,124.47840375660047,1.465229302358174,0.995941162109375,0,809fddf0f920dbf36c8f7b0ecba0a88620beb74eb0ac3a48d66d70717d430472
4d816938caf5b95b45,espeak,preset,upset,S01,5.876825396825397,3.403197925669836,-18.117106563686022,97.8664783523298,2.030459077536535,0.997039794921875,0,69736af3f6b635de1118161e2bb90d967f1fbae0293ee8d44341111c5e411f5b
722f380d330520344d,espeak,preset,sad,S01,7.5619954648526075,2.6448045483441485,-20.942948989731207,84.36436183997733,2.2393226140292626,0.928497314453125,0,38f3b70bc47a9552619749819aa50fdc77a3f7bb632d2c980dece3aa6c6033d6
9910783e35f8f00d69,espeak,preset,calm,S01,6.813560090702948,2.9353230519372464,-20.952898617640244,106.10881946457792,1.8329962461195015,0.78814697265625,0,ada9826add2763f56eca3e5de8fa07cf711e7713d3612ef97335758cc1b7fe20
037249171040bc5a9b,kokoro,neutral,neutral,S01,7.225,2.768166089965398,-26.254986073251057,185.09414417200185,3.593176250004806,0.405364990234375,0,320148c0696c8dacadb608403679761ded6a26c17df400548b1bf82434c0304a
b656c48213e07612f9,kokoro,preset,happy,S01,6.75,2.962962962962963,-24.88236274692532,200.2886134984143,3.7304650842662,0.505462646484375,0,cad573a1b798f135e671aab2698cc0c35de5eff7fd7fcd85c6ed34770716c9e9
e89bf984544f00bb0a,kokoro,preset,upset,S01,7.0,2.857142857142857,-22.763519245056404,190.64320268835243,3.539338754862502,0.594085693359375,0,332b5e83b7452545c190354a749eb8f6ae288fde57604d409fe5985a34768418
620080afb7d602332e,kokoro,preset,sad,S01,9.7,2.061855670103093,-30.756319337795937,165.56457491524577,3.9213344305890327,0.251312255859375,0,699dede625528848a9aa798563a155a9bf2af330d96ef15fab60dc100ea1a9ca
669259e7fe157cd650,kokoro,preset,calm,S01,7.525,2.6578073089700998,-27.44335468920045,183.92077939910513,3.8880597784009354,0.352386474609375,0,29b6cc99a425345d5f1854bc78b0f0210f277b3711154f324030acbb73f0e986
950cedd16598869f09,chatterbox,neutral,neutral,S01,5.46,3.663003663003663,-26.644625144581447,142.51708853771885,4.32999919801522,0.41162109375,0,ff878f283ecb112c6c0bb26b1bd6d09a5a610f3528ac234b95b966b11fc47171
5edacc98e5683c5ecb,chatterbox,preset,happy,S01,5.72,3.4965034965034967,-26.717939781789806,165.47245055563542,5.028264611431266,0.29931640625,0,ae904a0c17c22ef56f36ef8327e7bfcc4191ff50c0309d0388f8ec9217483198
1a923a3168f05f8ad2,chatterbox,preset,upset,S01,5.32,3.7593984962406015,-26.375518304287628,117.71503514972673,5.28146646193008,0.38092041015625,0,44edde4d881d472a97aa23aec49f4dc4f3ca488d592382c8111a57d530c036be
70f3f250db17be861b,chatterbox,preset,sad,S01,6.56,3.048780487804878,-26.328079250746406,135.2508901778061,3.6937658928997767,0.522369384765625,0,74645fe19c91c938f463ecbd62a3462dfccae950a05607961e3026a096934387
42e1473388d0770cd4,chatterbox,preset,calm,S01,7.1,2.8169014084507045,-26.26668948429227,114.02104282765387,5.085680796102116,0.476104736328125,0,23f13fd99360f30b07607843672ff9fe3af7b6f7dfdc20f655d3742c572584e8
10b80782c4ecaf6c7e,zipvoice,neutral,neutral,S01,7.383,2.7089259108763377,-26.122426775882627,137.83212035548527,7.496704748965396,0.394683837890625,0,b6c6017770cc87938f981dc438335e535285dadb33d2a043dc0d68f3ffc3b620
f7df98c7190b459c8f,zipvoice,preset,happy,S01,8.913,2.2439133849433412,-25.83130071807961,156.38121462500402,6.953583156302676,0.42877197265625,0,d27a7021cbb785ba947d2f34ffd68d43d4bd3ebb76f32ce3f9e9e9920e296131
1f3faed45355184941,zipvoice,preset,upset,S01,12.163,1.644331168297295,-26.82793734944947,120.19818826827894,5.480103233543959,0.3448486328125,0,b23b4346265fd9ff046ec3ba6904c8b9278019bc83d9fbba36eb93cbf4c47c25
edabba7dc7032f5a6d,zipvoice,preset,sad,S01,8.429,2.3727607070826906,-26.03840934454945,143.23752854525156,4.5117834750425025,0.35467529296875,0,c63df7b437d208d4f8a24565231a655fb38a77738bbc3f976911f09d6c6cfa17
1c3f6be429d3524340,zipvoice,preset,calm,S01,9.126,2.1915406530791146,-26.106421524214802,127.31210186309426,3.711993932302848,0.34588623046875,0,cb1fd22759f58455e90df7689427bff4acdc15c97fff5e06789db45963268be8
69ed11ef88738687ef,styletts2,neutral,neutral,S01,6.422916666666667,3.1138501459617256,-26.42084710702197,124.86211515471378,4.410704839589355,0.399383544921875,0,b5791de8eb06435fd0f0dc748411c1dc2e096adb6d863c0e17570f8dc78e3bbd
c6869b2b49729e1e15,styletts2,preset,happy,S01,6.497916666666667,3.0779095864058994,-26.207464179138075,141.63769742952508,3.8290650829434396,0.357513427734375,0,7de3f3fb7749b6d54ae92a8e97b25251829bae6c750b3d73cffac347e33a3407
82244a5691688551a2,styletts2,preset,upset,S01,6.622916666666667,3.019817552689525,-26.128133710493593,111.63307958914552,3.633437114594842,0.463531494140625,0,b7ab4a61a2ca5f61f06d3aea9280a57742865eaf0299f16647d5332a270e5c25
90d1b11f4b37265d3c,styletts2,preset,sad,S01,6.672916666666667,2.9971901342491414,-26.090336369731205,130.9287718407968,2.983504408572662,0.53741455078125,0,b0ddcdbe19e78832c197710767bc56944c2ec9ffb4e9b2a61a2d28b94c8eee95
7dcfae81f976911a27,styletts2,preset,calm,S01,6.747916666666667,2.9638777400432232,-25.969316262698698,114.70052364707429,3.4832709546456613,0.406524658203125,0,af7348b297953e9bb374835db8e2c1a019a62dd91a67607076144e72d0dd8598
cd9e60676e00ab6a54,cosyvoice2,neutral,neutral,S01,9.48,2.109704641350211,-27.063989538679895,159.96738811957692,5.311707641811118,0.369110107421875,0,35f9f880bfd2d9f270bee5ab05f9d6e4c06dcb1a0723e09fded74c52839a0396
9a9920bf34ff7de690,cosyvoice2,preset,happy,S01,6.56,3.048780487804878,-26.67647847900828,144.97637843976466,4.894506386959269,0.40106201171875,0,d6155afe2aa3291b46a17f82a3b19b724c25c6cf53b43456147573deb49b3302
c2607ba834caffe9a1,cosyvoice2,preset,upset,S01,7.64,2.617801047120419,-27.302471817338297,148.50915545381258,3.8340015800094607,0.319610595703125,0,d110a1b9a7a2bef15848eaf43eb46917ff2c83a80b5b8eb8bd76df52b51c4015
45235100a02bc3b60b,cosyvoice2,preset,sad,S01,7.92,2.525252525252525,-26.718344397508027,135.84273528854987,4.55300142472989,0.410400390625,0,a120addf700169c201a1953e19621006e245aba3f4dab83607f47a36e4fbbf9c
19079d7d5db601d2d2,cosyvoice2,preset,calm,S01,6.2,3.225806451612903,-26.348018605000224,135.51793036214565,4.066671367727199,0.41656494140625,0,d50173876c5cc6d0940c44a705a2fed8a1b6b01e6aebb9840488a0c403a19b65
a0f712bc4df4817c9d,parlertts,neutral,neutral,S01,6.025578231292517,3.3191835260115607,-27.067414111701332,161.1064214161389,4.43851187602206,0.361724853515625,0,3b752248d31d6174a0ac5a0dd581cb4481a6482240b57aed105b033522a0cca5
667588808e84a95891,parlertts,preset,happy,S01,5.38702947845805,3.712621228448276,-26.8401567313659,189.4488537047685,7.434543508305244,0.401458740234375,0,07539daf136f2354251e4247d658a740c200ad9a68ef2b41e64a8a3b46e2db31
171d534130dd71c5eb,parlertts,preset,upset,S01,5.712108843537415,3.5013338414634148,-26.494900297271407,180.7531938552138,5.346805146250098,0.3035888671875,0,299e410e1e1e29eef414283ade20810fa5ad74767293a2631241b8ccbbf2c35f
82dca3969a9d3ba7f1,parlertts,preset,sad,S01,5.7004988662131515,3.5084648676171084,-26.191134630311158,152.31876575554827,4.696573509816353,0.36895751953125,0,b3f60cd2ca005d9b3defa92e4b90a7a2130acbe590e05ef146c70f7bad90130b
0793d9e965bf7b04f8,parlertts,preset,calm,S01,5.77015873015873,3.4661091549295775,-26.712878689533465,149.6746602478888,5.590541474486736,0.40191650390625,0,abb13caefc5d86eb96ce7c2cfdb8c884167c7bee8d11a2e348ae58e613946ece
