blind_id,engine,intended,guessed,stimulus_id,param_set,mos,notes
1,kokoro,Q4,Q4,S04,rate_volume_pitch,4.0,
2,espeak,Q2,Q2,S01,rate_volume_pitch,1.0,
3,sapi5xml,Q3,Q3,S02,rate_volume_pitch,1.0,
4,kokoro,Q1,Q2,S05,rate_volume_pitch,4.0,
5,sapi5xml,Q2,Q2,S02,rate_volume_pitch,1.0,
6,sapi5xml,Q1,Q1,S01,rate_volume_pitch,1.0,
7,sapi5xml,Q4,Q3,S05,rate_volume_pitch,1.0,
8,espeak,Q1,Q2,S03,rate_volume_pitch,1.0,
9,kokoro,Q2,Q2,S04,rate_volume_pitch,4.0,
10,kokoro,Q3,Q3,S03,rate_volume_pitch,4.0,
11,espeak,Q3,Q3,S04,rate_volume_pitch,1.0,
12,kokoro,Q1,Q4,S01,rate_volume_pitch,4.0,
13,espeak,Q3,Q4,S03,rate_volume_pitch,1.0,
14,sapi5xml,Q4,Q3,S02,rate_volume_pitch,1.0,
15,kokoro,Q3,Q2,S02,rate_volume_pitch,4.0,
16,sapi5xml,Q1,Q1,S04,rate_volume_pitch,1.0,
17,kokoro,Q2,Q3,S01,rate_volume_pitch,4.0,
18,kokoro,Q4,Q4,S01,rate_volume_pitch,4.0,
19,espeak,Q1,Q2,S02,rate_volume_pitch,1.0,
20,sapi5xml,Q3,Q3,S04,rate_volume_pitch,1.0,
21,sapi5xml,Q2,Q1,S04,rate_volume_pitch,1.0,
22,espeak,Q2,Q1,S05,rate_volume_pitch,1.0,
23,espeak,Q4,Q4,S01,rate_volume_pitch,1.0,
24,espeak,Q4,Q2,S04,rate_volume_pitch,1.0,
