blind_id,engine,quadrant,stimulus_id,param_set,source_path
001,kokoro,Q4,S04,rate_volume_pitch,research\sessions\2026-07-27_0015_kokoro_check\audio\kokoro\rate_volume_pitch\S04_Q4.wav
002,espeak,Q2,S01,rate_volume_pitch,research\sessions\2026-07-26_2340_espeak_check\audio\espeak\rate_volume_pitch\S01_Q2.wav
003,sapi5xml,Q3,S02,rate_volume_pitch,research\sessions\2026-07-26_1733_sapi_e6_realtest\audio\sapi5xml\rate_volume_pitch\S02_Q3.wav
004,kokoro,Q1,S05,rate_volume_pitch,research\sessions\2026-07-27_0015_kokoro_check\audio\kokoro\rate_volume_pitch\S05_Q1.wav
005,sapi5xml,Q2,S02,rate_volume_pitch,research\sessions\2026-07-26_1733_sapi_e6_realtest\audio\sapi5xml\rate_volume_pitch\S02_Q2.wav
006,sapi5xml,Q1,S01,rate_volume_pitch,research\sessions\2026-07-26_1733_sapi_e6_realtest\audio\sapi5xml\rate_volume_pitch\S01_Q1.wav
007,sapi5xml,Q4,S05,rate_volume_pitch,research\sessions\2026-07-26_1733_sapi_e6_realtest\audio\sapi5xml\rate_volume_pitch\S05_Q4.wav
008,espeak,Q1,S03,rate_volume_pitch,research\sessions\2026-07-26_2340_espeak_check\audio\espeak\rate_volume_pitch\S03_Q1.wav
009,kokoro,Q2,S04,rate_volume_pitch,research\sessions\2026-07-27_0015_kokoro_check\audio\kokoro\rate_volume_pitch\S04_Q2.wav
010,kokoro,Q3,S03,rate_volume_pitch,research\sessions\2026-07-27_0015_kokoro_check\audio\kokoro\rate_volume_pitch\S03_Q3.wav
011,espeak,Q3,S04,rate_volume_pitch,research\sessions\2026-07-26_2340_espeak_check\audio\espeak\rate_volume_pitch\S04_Q3.wav
012,kokoro,Q1,S01,rate_volume_pitch,research\sessions\2026-07-27_0015_kokoro_check\audio\kokoro\rate_volume_pitch\S01_Q1.wav
013,espeak,Q3,S03,rate_volume_pitch,research\sessions\2026-07-26_2340_espeak_check\audio\espeak\rate_volume_pitch\S03_Q3.wav
014,sapi5xml,Q4,S02,rate_volume_pitch,research\sessions\2026-07-26_1733_sapi_e6_realtest\audio\sapi5xml\rate_volume_pitch\S02_Q4.wav
015,kokoro,Q3,S02,rate_volume_pitch,research\sessions\2026-07-27_0015_kokoro_check\audio\kokoro\rate_volume_pitch\S02_Q3.wav
016,sapi5xml,Q1,S04,rate_volume_pitch,research\sessions\2026-07-26_1733_sapi_e6_realtest\audio\sapi5xml\rate_volume_pitch\S04_Q1.wav
017,kokoro,Q2,S01,rate_volume_pitch,research\sessions\2026-07-27_0015_kokoro_check\audio\kokoro\rate_volume_pitch\S01_Q2.wav
018,kokoro,Q4,S01,rate_volume_pitch,research\sessions\2026-07-27_0015_kokoro_check\audio\kokoro\rate_volume_pitch\S01_Q4.wav
019,espeak,Q1,S02,rate_volume_pitch,research\sessions\2026-07-26_2340_espeak_check\audio\espeak\rate_volume_pitch\S02_Q1.wav
020,sapi5xml,Q3,S04,rate_volume_pitch,research\sessions\2026-07-26_1733_sapi_e6_realtest\audio\sapi5xml\rate_volume_pitch\S04_Q3.wav
021,sapi5xml,Q2,S04,rate_volume_pitch,research\sessions\2026-07-26_1733_sapi_e6_realtest\audio\sapi5xml\rate_volume_pitch\S04_Q2.wav
022,espeak,Q2,S05,rate_volume_pitch,research\sessions\2026-07-26_2340_espeak_check\audio\espeak\rate_volume_pitch\S05_Q2.wav
023,espeak,Q4,S01,rate_volume_pitch,research\sessions\2026-07-26_2340_espeak_check\audio\espeak\rate_volume_pitch\S01_Q4.wav
024,espeak,Q4,S04,rate_volume_pitch,research\sessions\2026-07-26_2340_espeak_check\audio\espeak\rate_volume_pitch\S04_Q4.wav
