task_id,nickname,listening_participant_id,mode,engine,emotion,condition,session_id,turn_order,status,voice_rating_receipt,reply_relevance,text_target_alignment,text_voice_agreement,voice_appropriateness,reply_helpfulness,waiting_time_comfort,transcript_opened_early,incident_or_comment
T01,,,Test,Kokoro,Happy,preset,,,,,,,,,,,,
T02,,,Test,Kokoro,Upset,preset,,,,,,,,,,,,
T03,,,Test,Kokoro,Sad,preset,,,,,,,,,,,,
T04,,,Test,Kokoro,Calm,preset,,,,,,,,,,,,
T05,,,Test,Kokoro,Happy,neutral,,,,,,,,,,,,
T06,,,Test,Chatterbox,Happy,preset,,,,,,,,,,,,
T07,,,Test,Chatterbox,Upset,preset,,,,,,,,,,,,
T08,,,Test,Chatterbox,Sad,preset,,,,,,,,,,,,
T09,,,Test,Chatterbox,Calm,preset,,,,,,,,,,,,
T10,,,Test,Chatterbox,Happy,neutral,,,,,,,,,,,,
T11,,,Test,StyleTTS2,Happy,preset,,,,,,,,,,,,
T12,,,Test,StyleTTS2,Upset,preset,,,,,,,,,,,,
T13,,,Test,StyleTTS2,Sad,preset,,,,,,,,,,,,
T14,,,Test,StyleTTS2,Calm,preset,,,,,,,,,,,,
T15,,,Test,StyleTTS2,Happy,neutral,,,,,,,,,,,,
T16,,,Test,CosyVoice2,Happy,preset,,,,,,,,,,,,
T17,,,Test,CosyVoice2,Upset,preset,,,,,,,,,,,,
T18,,,Test,CosyVoice2,Sad,preset,,,,,,,,,,,,
T19,,,Test,CosyVoice2,Calm,preset,,,,,,,,,,,,
T20,,,Test,CosyVoice2,Happy,neutral,,,,,,,,,,,,
T21,,,Test,Parler-TTS,Happy,preset,,,,,,,,,,,,
T22,,,Test,Parler-TTS,Upset,preset,,,,,,,,,,,,
T23,,,Test,Parler-TTS,Sad,preset,,,,,,,,,,,,
T24,,,Test,Parler-TTS,Calm,preset,,,,,,,,,,,,
T25,,,Test,Parler-TTS,Happy,neutral,,,,,,,,,,,,
E01,,,Explore,Chatterbox,Happy,preset,,,,,,,,,,,,
E02,,,Explore,Chatterbox,Upset,preset,,,,,,,,,,,,
E03,,,Explore,Chatterbox,Sad,preset,,,,,,,,,,,,
E04,,,Explore,Chatterbox,Calm,preset,,,,,,,,,,,,
E05,,,Explore,Parler-TTS,Happy,preset,,,,,,,,,,,,
E06,,,Explore,Parler-TTS,Upset,preset,,,,,,,,,,,,
E07,,,Explore,Parler-TTS,Sad,preset,,,,,,,,,,,,
E08,,,Explore,Parler-TTS,Calm,preset,,,,,,,,,,,,
E09,,,Explore,Kokoro,Happy,preset,,,,,,,,,,,,
E10,,,Explore,Kokoro,Upset,preset,,,,,,,,,,,,
E11,,,Explore,Kokoro,Sad,preset,,,,,,,,,,,,
E12,,,Explore,Kokoro,Calm,preset,,,,,,,,,,,,
